股票代號,股票名稱,上市日,市場別,產業別,鉅亨網網址,價格,漲跌,漲跌幅度(%),資料來源
1101,台泥,1962/2/9,上市,水泥工業,https://www.cnyes.com/twstock/1101,24.2,0,0.00%,鉅亨
1102,亞泥,1962/6/8,上市,水泥工業,https://www.cnyes.com/twstock/1102,40.55,0.25,0.62%,鉅亨
1103,嘉泥,1969/11/14,上市,水泥工業,https://www.cnyes.com/twstock/1103,14.05,0,0.00%,鉅亨
1104,環泥,1971/2/1,上市,水泥工業,https://www.cnyes.com/twstock/1104,27.3,0.1,0.37%,鉅亨
1108,幸福,1990/6/6,上市,水泥工業,https://www.cnyes.com/twstock/1108,14.15,0.1,0.71%,鉅亨
1109,信大,1991/12/5,上市,水泥工業,https://www.cnyes.com/twstock/1109,15.95,0,0.00%,鉅亨
1110,東泥,1994/10/22,上市,水泥工業,https://www.cnyes.com/twstock/1110,18,0,0.00%,鉅亨
1201,味全,1962/2/9,上市,食品工業,https://www.cnyes.com/twstock/1201,15.6,0.05,0.32%,鉅亨
1203,味王,1964/8/24,上市,食品工業,https://www.cnyes.com/twstock/1203,40.5,0,0.00%,鉅亨
1210,大成,1978/5/20,上市,食品工業,https://www.cnyes.com/twstock/1210,62.3,0.4,0.65%,鉅亨
1213,大飲,1981/4/10,上市,食品工業,https://www.cnyes.com/twstock/1213,13,-0.05,-0.38%,鉅亨
1215,卜蜂,1987/7/27,上市,食品工業,https://www.cnyes.com/twstock/1215,118.5,-1,-0.84%,鉅亨
1216,統一,1987/12/28,上市,食品工業,https://www.cnyes.com/twstock/1216,84.9,-0.5,-0.59%,鉅亨
1217,愛之味,1989/10/28,上市,食品工業,https://www.cnyes.com/twstock/1217,10.7,0,0.00%,鉅亨
1218,泰山,1989/11/11,上市,食品工業,https://www.cnyes.com/twstock/1218,18.9,0.05,0.27%,鉅亨
1219,福壽,1990/12/1,上市,食品工業,https://www.cnyes.com/twstock/1219,14.55,0,0.00%,鉅亨
1220,台榮,1991/11/20,上市,食品工業,https://www.cnyes.com/twstock/1220,13.4,0.1,0.75%,鉅亨
1225,福懋油,1993/9/27,上市,食品工業,https://www.cnyes.com/twstock/1225,30.35,0.4,1.34%,鉅亨
1227,佳格,1994/4/9,上市,食品工業,https://www.cnyes.com/twstock/1227,31.9,-0.1,-0.31%,鉅亨
1229,聯華,1976/7/19,上市,食品工業,https://www.cnyes.com/twstock/1229,44.6,-0.2,-0.45%,鉅亨
1231,聯華食,1995/11/2,上市,食品工業,https://www.cnyes.com/twstock/1231,140,-0.5,-0.36%,鉅亨
1232,大統益,1996/2/9,上市,食品工業,https://www.cnyes.com/twstock/1232,151.5,-0.5,-0.33%,鉅亨
1233,天仁,1999/1/20,上市,食品工業,https://www.cnyes.com/twstock/1233,30.6,0,0.00%,鉅亨
1234,黑松,1999/3/12,上市,食品工業,https://www.cnyes.com/twstock/1234,39.9,0,0.00%,鉅亨
1235,興泰,2000/9/11,上市,食品工業,https://www.cnyes.com/twstock/1235,63.9,0.6,0.95%,鉅亨
1236,宏亞,2001/9/17,上市,食品工業,https://www.cnyes.com/twstock/1236,21,0,0.00%,鉅亨
1256,鮮活果汁-KY,2016/3/17,上市,食品工業,https://www.cnyes.com/twstock/1256,119.5,1.5,1.27%,鉅亨
1301,台塑,1964/7/27,上市,塑膠工業,https://www.cnyes.com/twstock/1301,39.25,-0.05,-0.13%,鉅亨
1303,南亞,1967/11/5,上市,塑膠工業,https://www.cnyes.com/twstock/1303,33.65,1.25,3.86%,鉅亨
1304,台聚,1972/5/20,上市,塑膠工業,https://www.cnyes.com/twstock/1304,10.5,-0.05,-0.47%,鉅亨
1305,華夏,1973/3/5,上市,塑膠工業,https://www.cnyes.com/twstock/1305,11.4,-0.1,-0.87%,鉅亨
1307,三芳,1985/11/23,上市,塑膠工業,https://www.cnyes.com/twstock/1307,34.25,-0.1,-0.29%,鉅亨
1308,亞聚,1986/6/20,上市,塑膠工業,https://www.cnyes.com/twstock/1308,11.95,-0.15,-1.24%,鉅亨
1309,台達化,1986/6/27,上市,塑膠工業,https://www.cnyes.com/twstock/1309,11.3,-0.1,-0.88%,鉅亨
1310,台苯,1987/8/6,上市,塑膠工業,https://www.cnyes.com/twstock/1310,9.58,0.3,3.23%,鉅亨
1312,國喬,1988/12/21,上市,塑膠工業,https://www.cnyes.com/twstock/1312,10.15,0.05,0.50%,鉅亨
1313,聯成,1989/3/27,上市,塑膠工業,https://www.cnyes.com/twstock/1313,9.9,-0.05,-0.50%,鉅亨
1314,中石化,1991/7/12,上市,塑膠工業,https://www.cnyes.com/twstock/1314,7.45,-0.05,-0.67%,鉅亨
1315,達新,1992/5/9,上市,塑膠工業,https://www.cnyes.com/twstock/1315,65.9,-0.2,-0.30%,鉅亨
1316,上曜,1992/10/15,上市,建材營造業,https://www.cnyes.com/twstock/1316,13.95,-0.05,-0.36%,鉅亨
1319,東陽,1994/12/12,上市,汽車工業,https://www.cnyes.com/twstock/1319,105.5,-3,-2.76%,鉅亨
1321,大洋,1999/1/26,上市,塑膠工業,https://www.cnyes.com/twstock/1321,35.95,0.05,0.14%,鉅亨
1323,永裕,2000/9/11,上市,塑膠工業,https://www.cnyes.com/twstock/1323,19.7,-0.2,-1.01%,鉅亨
1324,地球,2000/9/11,上市,塑膠工業,https://www.cnyes.com/twstock/1324,11.25,0.1,0.90%,鉅亨
1325,恆大,2000/9/11,上市,塑膠工業,https://www.cnyes.com/twstock/1325,29.1,0.15,0.52%,鉅亨
1326,台化,1984/12/20,上市,塑膠工業,https://www.cnyes.com/twstock/1326,26.65,-0.05,-0.19%,鉅亨
1337,再生-KY,2011/7/1,上市,塑膠工業,https://www.cnyes.com/twstock/1337,5.6,-0.04,-0.71%,鉅亨
1338,廣華-KY,2012/12/19,上市,汽車工業,https://www.cnyes.com/twstock/1338,22.7,0.2,0.89%,鉅亨
1339,昭輝,2012/4/24,上市,汽車工業,https://www.cnyes.com/twstock/1339,50,0,0.00%,鉅亨
1340,勝悅-KY,2013/12/6,上市,塑膠工業,https://www.cnyes.com/twstock/1340,6.46,-0.04,-0.62%,鉅亨
1341,富林-KY,2018/12/24,上市,塑膠工業,https://www.cnyes.com/twstock/1341,66.4,1.1,1.68%,鉅亨
1342,八貫,2020/11/24,上市,其他業,https://www.cnyes.com/twstock/1342,84.2,-2.5,-2.88%,鉅亨
1402,遠東新,1967/4/14,上市,紡織纖維,https://www.cnyes.com/twstock/1402,29.05,0.05,0.17%,鉅亨
1409,新纖,1973/8/31,上市,紡織纖維,https://www.cnyes.com/twstock/1409,12.65,0,0.00%,鉅亨
1410,南染,1973/10/18,上市,紡織纖維,https://www.cnyes.com/twstock/1410,35.65,0.15,0.42%,鉅亨
1413,宏洲,1975/12/23,上市,紡織纖維,https://www.cnyes.com/twstock/1413,11.6,-0.15,-1.28%,鉅亨
1414,東和,1976/2/2,上市,紡織纖維,https://www.cnyes.com/twstock/1414,18.2,-0.15,-0.82%,鉅亨
1416,廣豐,1976/4/20,上市,其他業,https://www.cnyes.com/twstock/1416,11.6,0,0.00%,鉅亨
1417,嘉裕,1976/12/28,上市,紡織纖維,https://www.cnyes.com/twstock/1417,8.03,-0.01,-0.12%,鉅亨
1418,東華,1977/2/14,上市,紡織纖維,https://www.cnyes.com/twstock/1418,20.3,-0.2,-0.98%,鉅亨
1419,新紡,1977/3/14,上市,紡織纖維,https://www.cnyes.com/twstock/1419,57,-2,-3.39%,鉅亨
1423,利華,1979/4/2,上市,紡織纖維,https://www.cnyes.com/twstock/1423,37.4,-0.05,-0.13%,鉅亨
1432,大魯閣,1982/7/26,上市,運動休閒,https://www.cnyes.com/twstock/1432,16.65,0,0.00%,鉅亨
1434,福懋,1985/12/24,上市,紡織纖維,https://www.cnyes.com/twstock/1434,16.1,-0.1,-0.62%,鉅亨
1435,中福,1987/12/28,上市,其他業,https://www.cnyes.com/twstock/1435,33,0,0.00%,鉅亨
1436,華友聯,1988/4/11,上市,建材營造業,https://www.cnyes.com/twstock/1436,77.8,0.3,0.39%,鉅亨
1437,勤益控,1988/11/10,上市,其他業,https://www.cnyes.com/twstock/1437,32.65,-0.05,-0.15%,鉅亨
1438,三地開發,1988/12/15,上市,建材營造業,https://www.cnyes.com/twstock/1438,38.4,-0.3,-0.78%,鉅亨
1439,雋揚,1989/5/22,上市,建材營造業,https://www.cnyes.com/twstock/1439,29.8,-0.05,-0.17%,鉅亨
1440,南紡,1989/10/3,上市,紡織纖維,https://www.cnyes.com/twstock/1440,13,-0.1,-0.76%,鉅亨
1441,大東,1989/10/27,上市,紡織纖維,https://www.cnyes.com/twstock/1441,11.9,0.15,1.28%,鉅亨
1442,名軒,1989/11/16,上市,建材營造業,https://www.cnyes.com/twstock/1442,72,-1.9,-2.57%,鉅亨
1443,立益物流,1990/4/21,上市,其他業,https://www.cnyes.com/twstock/1443,31.1,0,0.00%,鉅亨
1444,力麗,1990/8/8,上市,紡織纖維,https://www.cnyes.com/twstock/1444,6.57,-0.04,-0.61%,鉅亨
1445,大宇,1991/2/5,上市,紡織纖維,https://www.cnyes.com/twstock/1445,13.95,-0.2,-1.41%,鉅亨
1446,宏和,1991/10/15,上市,紡織纖維,https://www.cnyes.com/twstock/1446,20.7,0.7,3.50%,鉅亨
1447,力鵬,1992/1/28,上市,紡織纖維,https://www.cnyes.com/twstock/1447,6.02,0,0.00%,鉅亨
1449,佳和,1992/3/12,上市,紡織纖維,https://www.cnyes.com/twstock/1449,13.35,0.05,0.38%,鉅亨
1451,年興,1992/12/21,上市,紡織纖維,https://www.cnyes.com/twstock/1451,18.8,0.15,0.80%,鉅亨
1452,宏益,1992/12/28,上市,紡織纖維,https://www.cnyes.com/twstock/1452,11.45,0,0.00%,鉅亨
1453,大將,1993/4/19,上市,建材營造業,https://www.cnyes.com/twstock/1453,13,0.1,0.78%,鉅亨
1454,台富,1993/5/7,上市,紡織纖維,https://www.cnyes.com/twstock/1454,14.4,-0.1,-0.69%,鉅亨
1455,集盛,1993/10/7,上市,紡織纖維,https://www.cnyes.com/twstock/1455,8.89,0,0.00%,鉅亨
1456,怡華,1993/12/9,上市,建材營造業,https://www.cnyes.com/twstock/1456,12.25,0.05,0.41%,鉅亨
1457,宜進,1994/10/20,上市,紡織纖維,https://www.cnyes.com/twstock/1457,17.3,-0.05,-0.29%,鉅亨
1459,聯發,1994/10/26,上市,紡織纖維,https://www.cnyes.com/twstock/1459,11.75,0,0.00%,鉅亨
1460,宏遠,1995/4/28,上市,紡織纖維,https://www.cnyes.com/twstock/1460,6.37,0.02,0.31%,鉅亨
1463,強盛新,1996/12/5,上市,紡織纖維,https://www.cnyes.com/twstock/1463,20.15,0,0.00%,鉅亨
1464,得力,1997/1/18,上市,紡織纖維,https://www.cnyes.com/twstock/1464,13.2,0,0.00%,鉅亨
1465,偉全,1997/9/8,上市,紡織纖維,https://www.cnyes.com/twstock/1465,13.25,0,0.00%,鉅亨
1466,聚隆,1998/4/4,上市,紡織纖維,https://www.cnyes.com/twstock/1466,15.25,-0.2,-1.29%,鉅亨
1467,南緯,1998/12/21,上市,紡織纖維,https://www.cnyes.com/twstock/1467,8.05,0,0.00%,鉅亨
1468,昶和,1999/1/21,上市,紡織纖維,https://www.cnyes.com/twstock/1468,14.5,-0.1,-0.68%,鉅亨
1470,大統新創,1999/5/21,上市,紡織纖維,https://www.cnyes.com/twstock/1470,20.65,-0.3,-1.43%,鉅亨
1471,首利,2000/3/6,上市,電子零組件業,https://www.cnyes.com/twstock/1471,10.1,0.1,1.00%,鉅亨
1472,三洋實業,2000/9/11,上市,建材營造業,https://www.cnyes.com/twstock/1472,94.1,0.1,0.11%,鉅亨
1473,台南,2000/9/11,上市,紡織纖維,https://www.cnyes.com/twstock/1473,27.3,-0.2,-0.73%,鉅亨
1474,弘裕,2000/10/31,上市,紡織纖維,https://www.cnyes.com/twstock/1474,12.9,0.1,0.78%,鉅亨
1475,業旺,2000/10/27,上市,紡織纖維,https://www.cnyes.com/twstock/1475,39.75,1.3,3.38%,鉅亨
1476,儒鴻,2001/4/18,上市,紡織纖維,https://www.cnyes.com/twstock/1476,391.5,-7.5,-1.88%,鉅亨
1477,聚陽,2003/1/21,上市,紡織纖維,https://www.cnyes.com/twstock/1477,265,-2.5,-0.93%,鉅亨
1503,士電,1969/12/15,上市,電機機械,https://www.cnyes.com/twstock/1503,179,-1.5,-0.83%,鉅亨
1504,東元,1973/11/5,上市,電機機械,https://www.cnyes.com/twstock/1504,46.45,-0.4,-0.85%,鉅亨
1506,正道,1980/8/11,上市,電機機械,https://www.cnyes.com/twstock/1506,11.45,-0.05,-0.43%,鉅亨
1512,瑞利,1994/1/28,上市,汽車工業,https://www.cnyes.com/twstock/1512,8.6,0.01,0.12%,鉅亨
1513,中興電,1994/3/8,上市,電機機械,https://www.cnyes.com/twstock/1513,165,1.5,0.92%,鉅亨
1514,亞力,1994/3/26,上市,電機機械,https://www.cnyes.com/twstock/1514,103,-1,-0.96%,鉅亨
1515,力山,1995/2/4,上市,電機機械,https://www.cnyes.com/twstock/1515,30.8,-0.5,-1.60%,鉅亨
1516,川飛,1995/4/1,上市,其他業,https://www.cnyes.com/twstock/1516,14.45,-0.25,-1.70%,鉅亨
1517,利奇,1995/11/14,上市,電機機械,https://www.cnyes.com/twstock/1517,10.4,0,0.00%,鉅亨
1519,華城,1997/4/16,上市,電機機械,https://www.cnyes.com/twstock/1519,620,29,4.91%,鉅亨
1521,大億,1997/10/6,上市,汽車工業,https://www.cnyes.com/twstock/1521,25.5,-0.2,-0.78%,鉅亨
1522,堤維西,1997/10/6,上市,汽車工業,https://www.cnyes.com/twstock/1522,42.4,-0.7,-1.62%,鉅亨
1524,耿鼎,1998/10/30,上市,汽車工業,https://www.cnyes.com/twstock/1524,28.4,-0.5,-1.73%,鉅亨
1525,江申,1999/5/15,上市,汽車工業,https://www.cnyes.com/twstock/1525,62.2,-0.5,-0.80%,鉅亨
1526,日馳,2000/3/27,上市,電機機械,https://www.cnyes.com/twstock/1526,19.5,0.2,1.04%,鉅亨
1527,鑽全,2000/6/21,上市,電機機械,https://www.cnyes.com/twstock/1527,38.1,-0.05,-0.13%,鉅亨
1528,恩德,2000/9/11,上市,電機機械,https://www.cnyes.com/twstock/1528,12.35,-0.05,-0.40%,鉅亨
1529,樂事綠能,2000/9/11,上市,電機機械,https://www.cnyes.com/twstock/1529,25.2,0,0.00%,鉅亨
1530,亞崴,2000/9/11,上市,電機機械,https://www.cnyes.com/twstock/1530,28.6,0.15,0.53%,鉅亨
1531,高林股,2000/9/11,上市,電機機械,https://www.cnyes.com/twstock/1531,12.15,-0.05,-0.41%,鉅亨
1532,勤美,2000/9/11,上市,電機機械,https://www.cnyes.com/twstock/1532,25.2,0.3,1.20%,鉅亨
1533,車王電,2001/4/6,上市,汽車工業,https://www.cnyes.com/twstock/1533,30.15,0.05,0.17%,鉅亨
1535,中宇,2001/9/17,上市,電機機械,https://www.cnyes.com/twstock/1535,55.7,0.1,0.18%,鉅亨
1536,和大,2001/9/17,上市,汽車工業,https://www.cnyes.com/twstock/1536,56.2,-1.3,-2.26%,鉅亨
1537,廣隆,2002/1/22,上市,電機機械,https://www.cnyes.com/twstock/1537,139.5,0,0.00%,鉅亨
1538,正峰,2002/8/26,上市,電機機械,https://www.cnyes.com/twstock/1538,28.35,1.2,4.42%,鉅亨
1539,巨庭,2002/10/29,上市,電機機械,https://www.cnyes.com/twstock/1539,19.45,-0.1,-0.51%,鉅亨
1540,喬福,2002/8/26,上市,電機機械,https://www.cnyes.com/twstock/1540,27.55,-0.25,-0.90%,鉅亨
1541,錩泰,2003/3/19,上市,電機機械,https://www.cnyes.com/twstock/1541,26.6,0.05,0.19%,鉅亨
1558,伸興,2014/12/23,上市,電機機械,https://www.cnyes.com/twstock/1558,98.5,0.5,0.51%,鉅亨
1560,中砂,2005/1/31,上市,電機機械,https://www.cnyes.com/twstock/1560,350,4.5,1.30%,鉅亨
1563,巧新,2024/5/13,上市,汽車工業,https://www.cnyes.com/twstock/1563,54.4,0.4,0.74%,鉅亨
1568,倉佑,2014/5/14,上市,汽車工業,https://www.cnyes.com/twstock/1568,23.15,-0.1,-0.43%,鉅亨
1582,信錦,2009/12/17,上市,電子零組件業,https://www.cnyes.com/twstock/1582,69.5,-0.7,-1.00%,鉅亨
1583,程泰,2008/1/24,上市,電機機械,https://www.cnyes.com/twstock/1583,53.5,0.5,0.94%,鉅亨
1587,吉茂,2018/4/16,上市,汽車工業,https://www.cnyes.com/twstock/1587,28.75,0.6,2.13%,鉅亨
1589,永冠-KY,2012/4/27,上市,電機機械,https://www.cnyes.com/twstock/1589,23.35,-0.1,-0.43%,鉅亨
1590,亞德客-KY,2010/12/13,上市,電機機械,https://www.cnyes.com/twstock/1590,868,-7,-0.80%,鉅亨
1597,直得,2020/12/23,上市,電機機械,https://www.cnyes.com/twstock/1597,85.2,0.2,0.24%,鉅亨
1598,岱宇,2016/9/20,上市,運動休閒,https://www.cnyes.com/twstock/1598,21.25,-0.45,-2.07%,鉅亨
1603,華電,1968/6/3,上市,電器電纜,https://www.cnyes.com/twstock/1603,38.45,-0.45,-1.16%,鉅亨
1604,聲寶,1970/12/14,上市,電器電纜,https://www.cnyes.com/twstock/1604,25,-0.05,-0.20%,鉅亨
1605,華新,1972/11/3,上市,電器電纜,https://www.cnyes.com/twstock/1605,20.95,-0.35,-1.64%,鉅亨
1608,華榮,1988/7/11,上市,電器電纜,https://www.cnyes.com/twstock/1608,26.75,-0.55,-2.01%,鉅亨
1609,大亞,1988/12/12,上市,電器電纜,https://www.cnyes.com/twstock/1609,34.95,-0.35,-0.99%,鉅亨
1611,中電,1990/1/16,上市,電器電纜,https://www.cnyes.com/twstock/1611,12.8,0.1,0.79%,鉅亨
1612,宏泰,1993/5/8,上市,電器電纜,https://www.cnyes.com/twstock/1612,35.6,-0.4,-1.11%,鉅亨
1614,三洋電,1997/9/18,上市,電器電纜,https://www.cnyes.com/twstock/1614,38.3,0.05,0.13%,鉅亨
1615,大山,2000/3/30,上市,電器電纜,https://www.cnyes.com/twstock/1615,52,0.3,0.58%,鉅亨
1616,億泰,2000/9/11,上市,電器電纜,https://www.cnyes.com/twstock/1616,34.15,0.2,0.59%,鉅亨
1617,榮星,2000/9/11,上市,電器電纜,https://www.cnyes.com/twstock/1617,15.35,0.15,0.99%,鉅亨
1618,合機,2000/9/11,上市,電器電纜,https://www.cnyes.com/twstock/1618,48.9,-0.35,-0.71%,鉅亨
1626,艾美特-KY,2013/3/21,上市,電器電纜,https://www.cnyes.com/twstock/1626,11.7,0,0.00%,鉅亨
1702,南僑,1973/5/30,上市,食品工業,https://www.cnyes.com/twstock/1702,40.45,0.05,0.12%,鉅亨
1707,葡萄王,1982/12/20,上市,生技醫療業,https://www.cnyes.com/twstock/1707,135,-1,-0.74%,鉅亨
1708,東鹼,1986/6/16,上市,化學工業,https://www.cnyes.com/twstock/1708,32.35,0.75,2.37%,鉅亨
1709,和益,1986/7/3,上市,化學工業,https://www.cnyes.com/twstock/1709,17.5,-0.05,-0.28%,鉅亨
1710,東聯,1987/10/21,上市,化學工業,https://www.cnyes.com/twstock/1710,12.4,0.1,0.81%,鉅亨
1711,永光,1988/12/27,上市,化學工業,https://www.cnyes.com/twstock/1711,16.55,-0.2,-1.19%,鉅亨
1712,興農,1989/12/14,上市,化學工業,https://www.cnyes.com/twstock/1712,40.6,-0.15,-0.37%,鉅亨
1713,國化,1990/1/31,上市,化學工業,https://www.cnyes.com/twstock/1713,55.2,-0.2,-0.36%,鉅亨
1714,和桐,1991/8/30,上市,化學工業,https://www.cnyes.com/twstock/1714,7.77,0.01,0.13%,鉅亨
1717,長興,1994/3/31,上市,化學工業,https://www.cnyes.com/twstock/1717,26.75,-0.2,-0.74%,鉅亨
1718,中纖,1963/12/2,上市,化學工業,https://www.cnyes.com/twstock/1718,6.33,0.02,0.32%,鉅亨
1720,生達,1995/12/12,上市,生技醫療業,https://www.cnyes.com/twstock/1720,57.5,0.4,0.70%,鉅亨
1721,三晃,1996/5/16,上市,化學工業,https://www.cnyes.com/twstock/1721,12.15,-0.25,-2.02%,鉅亨
1722,台肥,1998/3/24,上市,化學工業,https://www.cnyes.com/twstock/1722,53.4,-0.3,-0.56%,鉅亨
1723,中碳,1998/11/27,上市,化學工業,https://www.cnyes.com/twstock/1723,88.2,-0.6,-0.68%,鉅亨
1725,元禎,2000/9/11,上市,化學工業,https://www.cnyes.com/twstock/1725,29.25,0,0.00%,鉅亨
1726,永記,2000/9/11,上市,化學工業,https://www.cnyes.com/twstock/1726,75.3,-0.4,-0.53%,鉅亨
1727,中華化,2000/9/11,上市,化學工業,https://www.cnyes.com/twstock/1727,30.4,0.15,0.50%,鉅亨
1730,花仙子,2001/9/17,上市,化學工業,https://www.cnyes.com/twstock/1730,53.9,0.3,0.56%,鉅亨
1731,美吾華,2001/9/17,上市,生技醫療業,https://www.cnyes.com/twstock/1731,21.7,-0.05,-0.23%,鉅亨
1732,毛寶,2001/9/17,上市,化學工業,https://www.cnyes.com/twstock/1732,28.55,0.95,3.44%,鉅亨
1733,五鼎,2001/9/17,上市,生技醫療業,https://www.cnyes.com/twstock/1733,27.75,-0.15,-0.54%,鉅亨
1734,杏輝,2002/8/26,上市,生技醫療業,https://www.cnyes.com/twstock/1734,31.55,0.1,0.32%,鉅亨
1735,日勝化,2002/8/26,上市,化學工業,https://www.cnyes.com/twstock/1735,16.2,0.2,1.25%,鉅亨
1736,喬山,2003/1/9,上市,運動休閒,https://www.cnyes.com/twstock/1736,160,-3.5,-2.14%,鉅亨
1737,臺鹽,2003/11/18,上市,食品工業,https://www.cnyes.com/twstock/1737,32.9,0.1,0.30%,鉅亨
1752,南光,2022/1/19,上市,生技醫療業,https://www.cnyes.com/twstock/1752,35.1,0.05,0.14%,鉅亨
1760,寶齡富錦,2018/1/23,上市,生技醫療業,https://www.cnyes.com/twstock/1760,72,0,0.00%,鉅亨
1762,中化生,2010/12/20,上市,生技醫療業,https://www.cnyes.com/twstock/1762,28.3,0,0.00%,鉅亨
1773,勝一,2009/2/27,上市,化學工業,https://www.cnyes.com/twstock/1773,129,-3.5,-2.64%,鉅亨
1776,展宇,2016/5/9,上市,化學工業,https://www.cnyes.com/twstock/1776,15.5,-0.05,-0.32%,鉅亨
1783,和康生,2013/12/20,上市,生技醫療業,https://www.cnyes.com/twstock/1783,44.75,-0.15,-0.33%,鉅亨
1786,科妍,2013/11/12,上市,生技醫療業,https://www.cnyes.com/twstock/1786,118.5,-4.5,-3.66%,鉅亨
1789,神隆,2011/9/29,上市,生技醫療業,https://www.cnyes.com/twstock/1789,17.1,0,0.00%,鉅亨
1795,美時,2019/12/16,上市,生技醫療業,https://www.cnyes.com/twstock/1795,225,0,0.00%,鉅亨
1802,台玻,1973/7/20,上市,玻璃陶瓷,https://www.cnyes.com/twstock/1802,20.75,0.5,2.47%,鉅亨
1805,寶徠,1989/10/20,上市,建材營造業,https://www.cnyes.com/twstock/1805,13.5,0,0.00%,鉅亨
1806,冠軍,1992/9/29,上市,玻璃陶瓷,https://www.cnyes.com/twstock/1806,9.98,-0.12,-1.19%,鉅亨
1808,潤隆,1994/10/26,上市,建材營造業,https://www.cnyes.com/twstock/1808,31.55,0.15,0.48%,鉅亨
1809,中釉,1996/4/30,上市,玻璃陶瓷,https://www.cnyes.com/twstock/1809,16.3,-0.25,-1.51%,鉅亨
1810,和成,1991/10/14,上市,玻璃陶瓷,https://www.cnyes.com/twstock/1810,15.75,0.25,1.61%,鉅亨
1817,凱撒衛,2013/10/24,上市,玻璃陶瓷,https://www.cnyes.com/twstock/1817,38.45,-0.3,-0.77%,鉅亨
1903,士紙,1963/12/9,上市,造紙工業,https://www.cnyes.com/twstock/1903,54.8,-0.5,-0.90%,鉅亨
1904,正隆,1971/9/10,上市,造紙工業,https://www.cnyes.com/twstock/1904,18.85,0.35,1.89%,鉅亨
1905,華紙,1975/2/7,上市,造紙工業,https://www.cnyes.com/twstock/1905,12.65,0.4,3.27%,鉅亨
2509,全坤建,1988/5/20,上市,建材營造業,https://www.cnyes.com/twstock/2509,13.1,0.05,0.38%,鉅亨
2511,太子,1991/4/24,上市,建材營造業,https://www.cnyes.com/twstock/2511,9.27,-0.02,-0.22%,鉅亨
2514,龍邦,1992/9/26,上市,其他業,https://www.cnyes.com/twstock/2514,15.9,0,0.00%,鉅亨
2515,中工,1993/3/2,上市,建材營造業,https://www.cnyes.com/twstock/2515,11.35,-0.05,-0.44%,鉅亨
2516,新建,1993/5/25,上市,建材營造業,https://www.cnyes.com/twstock/2516,15.85,-0.15,-0.94%,鉅亨
2520,冠德,1993/10/27,上市,建材營造業,https://www.cnyes.com/twstock/2520,53.2,0,0.00%,鉅亨
2524,京城,1994/10/18,上市,建材營造業,https://www.cnyes.com/twstock/2524,42.9,-0.4,-0.92%,鉅亨
2527,宏璟,1995/3/6,上市,建材營造業,https://www.cnyes.com/twstock/2527,27.6,0,0.00%,鉅亨
2528,皇普,1995/3/10,上市,建材營造業,https://www.cnyes.com/twstock/2528,29.3,-0.3,-1.01%,鉅亨
2530,華建,1995/10/12,上市,建材營造業,https://www.cnyes.com/twstock/2530,29.2,-0.5,-1.68%,鉅亨
2534,宏盛,1996/2/12,上市,建材營造業,https://www.cnyes.com/twstock/2534,23.2,-0.15,-0.64%,鉅亨
2535,達欣工,1996/3/11,上市,建材營造業,https://www.cnyes.com/twstock/2535,60.1,1.3,2.21%,鉅亨
2536,宏普,1996/3/14,上市,建材營造業,https://www.cnyes.com/twstock/2536,28.1,-0.1,-0.35%,鉅亨
2537,聯上發,1996/9/6,上市,建材營造業,https://www.cnyes.com/twstock/2537,11,-0.05,-0.45%,鉅亨
2538,基泰,1996/11/1,上市,建材營造業,https://www.cnyes.com/twstock/2538,13.35,0.3,2.30%,鉅亨
2539,櫻花建,1997/7/16,上市,建材營造業,https://www.cnyes.com/twstock/2539,66,0.1,0.15%,鉅亨
2540,愛山林,1989/12/26,上市,建材營造業,https://www.cnyes.com/twstock/2540,79.6,1.1,1.40%,鉅亨
2542,興富發,1999/5/3,上市,建材營造業,https://www.cnyes.com/twstock/2542,41.8,-0.15,-0.36%,鉅亨
2543,皇昌,1999/10/15,上市,建材營造業,https://www.cnyes.com/twstock/2543,74.4,-0.2,-0.27%,鉅亨
2545,皇翔,2000/9/11,上市,建材營造業,https://www.cnyes.com/twstock/2545,40,-0.1,-0.25%,鉅亨
2546,根基,2000/9/11,上市,建材營造業,https://www.cnyes.com/twstock/2546,84.8,0.3,0.36%,鉅亨
2547,日勝生,2000/12/22,上市,建材營造業,https://www.cnyes.com/twstock/2547,11.65,0.15,1.30%,鉅亨
2548,華固,2002/8/26,上市,建材營造業,https://www.cnyes.com/twstock/2548,98,-0.1,-0.10%,鉅亨
2597,潤弘,2010/3/26,上市,建材營造業,https://www.cnyes.com/twstock/2597,192.5,-1,-0.52%,鉅亨
2601,益航,1965/11/4,上市,貿易百貨業,https://www.cnyes.com/twstock/2601,6.02,0.11,1.86%,鉅亨
2603,長榮,1987/9/21,上市,航運業,https://www.cnyes.com/twstock/2603,202,0.5,0.25%,鉅亨
2605,新興,1989/12/8,上市,航運業,https://www.cnyes.com/twstock/2605,23.55,0.7,3.06%,鉅亨
2606,裕民,1990/12/8,上市,航運業,https://www.cnyes.com/twstock/2606,56.7,0.3,0.53%,鉅亨
2607,榮運,1990/12/14,上市,航運業,https://www.cnyes.com/twstock/2607,34.5,-0.35,-1.00%,鉅亨
2608,嘉里大榮,1990/12/20,上市,航運業,https://www.cnyes.com/twstock/2608,33.85,0.05,0.15%,鉅亨
2609,陽明,1992/4/20,上市,航運業,https://www.cnyes.com/twstock/2609,63.1,0,0.00%,鉅亨
2610,華航,1993/2/26,上市,航運業,https://www.cnyes.com/twstock/2610,21,0.1,0.48%,鉅亨
2611,志信,1993/10/28,上市,航運業,https://www.cnyes.com/twstock/2611,16.75,0.25,1.52%,鉅亨
2612,中航,1994/10/20,上市,航運業,https://www.cnyes.com/twstock/2612,52.8,4.8,10.00%,鉅亨
2613,中櫃,1995/1/20,上市,航運業,https://www.cnyes.com/twstock/2613,27.2,0.1,0.37%,鉅亨
2614,東森,1995/9/23,上市,其他業,https://www.cnyes.com/twstock/2614,15.7,0,0.00%,鉅亨
2615,萬海,1996/5/16,上市,航運業,https://www.cnyes.com/twstock/2615,91.6,-0.2,-0.22%,鉅亨
2616,山隆,1997/11/8,上市,油電燃氣業,https://www.cnyes.com/twstock/2616,14.7,0.15,1.03%,鉅亨
2617,台航,1998/6/24,上市,航運業,https://www.cnyes.com/twstock/2617,28.15,0.45,1.62%,鉅亨
2618,長榮航,2001/9/17,上市,航運業,https://www.cnyes.com/twstock/2618,38.85,0.4,1.04%,鉅亨
2630,亞航,2018/2/22,上市,航運業,https://www.cnyes.com/twstock/2630,38.7,1.25,3.34%,鉅亨
2633,台灣高鐵,2016/10/27,上市,航運業,https://www.cnyes.com/twstock/2633,27.35,0,0.00%,鉅亨
2634,漢翔,2014/8/25,上市,航運業,https://www.cnyes.com/twstock/2634,43.35,1.05,2.48%,鉅亨
2636,台驊控股,2016/12/22,上市,航運業,https://www.cnyes.com/twstock/2636,72.2,0.3,0.42%,鉅亨
2637,慧洋-KY,2010/12/1,上市,航運業,https://www.cnyes.com/twstock/2637,62,0.4,0.65%,鉅亨
2642,宅配通,2013/12/12,上市,航運業,https://www.cnyes.com/twstock/2642,25.9,0.15,0.58%,鉅亨
2645,長榮航太,2023/3/14,上市,航運業,https://www.cnyes.com/twstock/2645,111,3.5,3.26%,鉅亨
2646,星宇航空,2024/10/25,上市,航運業,https://www.cnyes.com/twstock/2646,26.1,0.15,0.58%,鉅亨
2701,萬企,1965/3/22,上市,觀光餐旅,https://www.cnyes.com/twstock/2701,11.4,0.1,0.88%,鉅亨
2702,華園,1965/2/14,上市,觀光餐旅,https://www.cnyes.com/twstock/2702,13.1,0.1,0.77%,鉅亨
2704,國賓,1982/11/10,上市,觀光餐旅,https://www.cnyes.com/twstock/2704,42.35,0,0.00%,鉅亨
2705,六福,1988/12/24,上市,觀光餐旅,https://www.cnyes.com/twstock/2705,17,-0.05,-0.29%,鉅亨
2706,第一店,1991/6/25,上市,觀光餐旅,https://www.cnyes.com/twstock/2706,13.4,-0.05,-0.37%,鉅亨
2707,晶華,1998/3/9,上市,觀光餐旅,https://www.cnyes.com/twstock/2707,192,0.5,0.26%,鉅亨
2712,遠雄來,2013/12/3,上市,觀光餐旅,https://www.cnyes.com/twstock/2712,19.75,0.05,0.25%,鉅亨
2722,夏都,2012/3/14,上市,觀光餐旅,https://www.cnyes.com/twstock/2722,29.8,0,0.00%,鉅亨
2723,美食-KY,2010/11/22,上市,觀光餐旅,https://www.cnyes.com/twstock/2723,81.5,-0.6,-0.73%,鉅亨
2727,王品,2012/3/6,上市,觀光餐旅,https://www.cnyes.com/twstock/2727,229.5,-0.5,-0.22%,鉅亨
2731,雄獅,2013/9/24,上市,觀光餐旅,https://www.cnyes.com/twstock/2731,147,-2,-1.34%,鉅亨
2739,寒舍,2016/5/19,上市,觀光餐旅,https://www.cnyes.com/twstock/2739,38.6,-0.1,-0.26%,鉅亨
2748,雲品,2016/11/23,上市,觀光餐旅,https://www.cnyes.com/twstock/2748,50.2,0.4,0.80%,鉅亨
2753,八方雲集,2021/9/9,上市,觀光餐旅,https://www.cnyes.com/twstock/2753,189,1,0.53%,鉅亨
2762,世界健身-KY,2024/1/24,上市,運動休閒,https://www.cnyes.com/twstock/2762,76.2,-0.3,-0.39%,鉅亨
2801,彰銀,1962/2/15,上市,金融保險業,https://www.cnyes.com/twstock/2801,20.15,-0.05,-0.25%,鉅亨
2809,京城銀,1983/7/20,上市,金融保險業,https://www.cnyes.com/twstock/2809,54.2,0.2,0.37%,鉅亨
2812,台中銀,1984/5/15,上市,金融保險業,https://www.cnyes.com/twstock/2812,21.75,-0.05,-0.23%,鉅亨
2816,旺旺保,1992/5/5,上市,金融保險業,https://www.cnyes.com/twstock/2816,25.8,-0.1,-0.39%,鉅亨
2820,華票,1994/10/26,上市,金融保險業,https://www.cnyes.com/twstock/2820,15.3,-0.1,-0.65%,鉅亨
2832,台產,1997/9/30,上市,金融保險業,https://www.cnyes.com/twstock/2832,30.7,0,0.00%,鉅亨
2834,臺企銀,1998/1/3,上市,金融保險業,https://www.cnyes.com/twstock/2834,16.45,-0.1,-0.60%,鉅亨
2836,高雄銀,1998/5/18,上市,金融保險業,https://www.cnyes.com/twstock/2836,11.75,-0.1,-0.84%,鉅亨
2838,聯邦銀,1998/6/29,上市,金融保險業,https://www.cnyes.com/twstock/2838,16.9,-0.1,-0.59%,鉅亨
2845,遠東銀,1998/11/27,上市,金融保險業,https://www.cnyes.com/twstock/2845,13.55,-0.05,-0.37%,鉅亨
2849,安泰銀,1999/9/27,上市,金融保險業,https://www.cnyes.com/twstock/2849,13.55,-0.1,-0.73%,鉅亨
2850,新產,2000/5/22,上市,金融保險業,https://www.cnyes.com/twstock/2850,97,0,0.00%,鉅亨
2851,中再保,2000/7/6,上市,金融保險業,https://www.cnyes.com/twstock/2851,23.15,-0.15,-0.64%,鉅亨
2852,第一保,2000/11/28,上市,金融保險業,https://www.cnyes.com/twstock/2852,25.4,0.15,0.59%,鉅亨
2855,統一證,2002/9/16,上市,金融保險業,https://www.cnyes.com/twstock/2855,19.2,0.05,0.26%,鉅亨
2867,三商壽,2012/12/18,上市,金融保險業,https://www.cnyes.com/twstock/2867,5.03,0.03,0.60%,鉅亨
2880,華南金,2001/12/19,上市,金融保險業,https://www.cnyes.com/twstock/2880,28.7,-0.15,-0.52%,鉅亨
2881,富邦金,2001/12/19,上市,金融保險業,https://www.cnyes.com/twstock/2881,83.4,-0.2,-0.24%,鉅亨
2882,國泰金,2001/12/31,上市,金融保險業,https://www.cnyes.com/twstock/2882,62.6,0,0.00%,鉅亨
2883,凱基金,2001/12/28,上市,金融保險業,https://www.cnyes.com/twstock/2883,15.3,-0.05,-0.33%,鉅亨
2884,玉山金,2002/1/28,上市,金融保險業,https://www.cnyes.com/twstock/2884,32.55,-0.3,-0.91%,鉅亨
2885,元大金,2002/2/4,上市,金融保險業,https://www.cnyes.com/twstock/2885,31.95,-0.1,-0.31%,鉅亨
2886,兆豐金,2002/2/4,上市,金融保險業,https://www.cnyes.com/twstock/2886,42.75,-0.1,-0.23%,鉅亨
2887,台新金,2002/2/18,上市,金融保險業,https://www.cnyes.com/twstock/2887,16.4,0.1,0.61%,鉅亨
2889,國票金,2002/3/26,上市,金融保險業,https://www.cnyes.com/twstock/2889,16.1,-0.25,-1.53%,鉅亨
2890,永豐金,2002/5/9,上市,金融保險業,https://www.cnyes.com/twstock/2890,25.4,-0.1,-0.39%,鉅亨
2891,中信金,2002/5/17,上市,金融保險業,https://www.cnyes.com/twstock/2891,42.5,-0.45,-1.05%,鉅亨
2892,第一金,2003/1/2,上市,金融保險業,https://www.cnyes.com/twstock/2892,29.8,0.05,0.17%,鉅亨
2897,王道銀行,2017/5/5,上市,金融保險業,https://www.cnyes.com/twstock/2897,9.12,-0.03,-0.33%,鉅亨
2901,欣欣,1976/5/7,上市,貿易百貨業,https://www.cnyes.com/twstock/2901,26.5,0.45,1.73%,鉅亨
2903,遠百,1978/10/11,上市,貿易百貨業,https://www.cnyes.com/twstock/2903,21.75,0,0.00%,鉅亨
2904,匯僑,1983/1/5,上市,其他業,https://www.cnyes.com/twstock/2904,17.55,0,0.00%,鉅亨
2905,三商,1988/9/19,上市,貿易百貨業,https://www.cnyes.com/twstock/2905,12.15,0,0.00%,鉅亨
2906,高林,1989/12/26,上市,貿易百貨業,https://www.cnyes.com/twstock/2906,15.35,0.35,2.33%,鉅亨
2908,特力,1993/2/18,上市,貿易百貨業,https://www.cnyes.com/twstock/2908,19.7,0,0.00%,鉅亨
2910,統領,1996/12/30,上市,貿易百貨業,https://www.cnyes.com/twstock/2910,21.7,0.1,0.46%,鉅亨
2911,麗嬰房,1997/1/18,上市,貿易百貨業,https://www.cnyes.com/twstock/2911,5.09,-0.01,-0.20%,鉅亨
2912,統一超,1997/8/22,上市,貿易百貨業,https://www.cnyes.com/twstock/2912,264,-1,-0.38%,鉅亨
2913,農林,1962/2/9,上市,貿易百貨業,https://www.cnyes.com/twstock/2913,14.95,0,0.00%,鉅亨
2915,潤泰全,1977/7/20,上市,貿易百貨業,https://www.cnyes.com/twstock/2915,52.5,-0.6,-1.13%,鉅亨
2923,鼎固-KY,2012/12/7,上市,建材營造業,https://www.cnyes.com/twstock/2923,23.4,0.25,1.08%,鉅亨
2929,淘帝-KY,2013/12/30,上市,貿易百貨業,https://www.cnyes.com/twstock/2929,9.22,-0.06,-0.65%,鉅亨
2939,永邑-KY,2018/1/11,上市,貿易百貨業,https://www.cnyes.com/twstock/2939,27.5,-0.95,-3.34%,鉅亨
2945,三商家購,2021/11/30,上市,貿易百貨業,https://www.cnyes.com/twstock/2945,38,0,0.00%,鉅亨
3002,歐格,2002/1/23,上市,電腦及週邊設備業,https://www.cnyes.com/twstock/3002,13.75,0.05,0.36%,鉅亨
3003,健和興,2002/2/19,上市,電子零組件業,https://www.cnyes.com/twstock/3003,51.2,-0.5,-0.97%,鉅亨
3004,豐達科,2002/2/25,上市,鋼鐵工業,https://www.cnyes.com/twstock/3004,129,3.5,2.79%,鉅亨
3005,神基,2002/2/25,上市,電腦及週邊設備業,https://www.cnyes.com/twstock/3005,119.5,-1,-0.83%,鉅亨
3006,晶豪科,2002/3/4,上市,半導體業,https://www.cnyes.com/twstock/3006,51.6,-0.4,-0.77%,鉅亨
3008,大立光,2002/3/11,上市,光電業,https://www.cnyes.com/twstock/3008,2360,-40,-1.67%,鉅亨
3010,華立,2002/7/22,上市,電子通路業,https://www.cnyes.com/twstock/3010,95.9,0.2,0.21%,鉅亨
3011,今皓,2002/7/22,上市,電子零組件業,https://www.cnyes.com/twstock/3011,13.85,0.45,3.36%,鉅亨
3013,晟銘電,2002/9/16,上市,電腦及週邊設備業,https://www.cnyes.com/twstock/3013,121,-3,-2.42%,鉅亨
3014,聯陽,2002/10/29,上市,半導體業,https://www.cnyes.com/twstock/3014,134,-1,-0.74%,鉅亨
3015,全漢,2002/10/16,上市,電子零組件業,https://www.cnyes.com/twstock/3015,55,-0.5,-0.90%,鉅亨
3016,嘉晶,2002/12/24,上市,半導體業,https://www.cnyes.com/twstock/3016,33.6,-0.35,-1.03%,鉅亨
3017,奇鋐,2002/9/27,上市,電腦及週邊設備業,https://www.cnyes.com/twstock/3017,849,-7,-0.82%,鉅亨
3018,隆銘綠能,2002/8/26,上市,其他電子業,https://www.cnyes.com/twstock/3018,13.3,0,0.00%,鉅亨
3019,亞光,2002/8/26,上市,光電業,https://www.cnyes.com/twstock/3019,133.5,-1,-0.74%,鉅亨
3021,鴻名,2002/8/26,上市,電子零組件業,https://www.cnyes.com/twstock/3021,17.2,0,0.00%,鉅亨
3022,威強電,2002/8/26,上市,電腦及週邊設備業,https://www.cnyes.com/twstock/3022,76.4,0,0.00%,鉅亨
3023,信邦,2002/8/26,上市,電子零組件業,https://www.cnyes.com/twstock/3023,239,4.5,1.92%,鉅亨
3024,憶聲,2002/8/26,上市,光電業,https://www.cnyes.com/twstock/3024,12.75,0.05,0.39%,鉅亨
3025,星通,2002/8/26,上市,通信網路業,https://www.cnyes.com/twstock/3025,49.85,-0.35,-0.70%,鉅亨
3026,禾伸堂,2002/8/26,上市,電子零組件業,https://www.cnyes.com/twstock/3026,79.8,-0.1,-0.13%,鉅亨
3027,盛達,2002/8/26,上市,通信網路業,https://www.cnyes.com/twstock/3027,28.8,0.15,0.52%,鉅亨
3028,增你強,2002/8/26,上市,電子通路業,https://www.cnyes.com/twstock/3028,33.65,-0.25,-0.74%,鉅亨
3029,零壹,2002/8/26,上市,資訊服務業,https://www.cnyes.com/twstock/3029,113,-1,-0.88%,鉅亨
3030,德律,2002/10/29,上市,其他電子業,https://www.cnyes.com/twstock/3030,144.5,0.5,0.35%,鉅亨
3031,佰鴻,2002/8/26,上市,光電業,https://www.cnyes.com/twstock/3031,17,0.2,1.19%,鉅亨
3032,偉訓,2002/8/26,上市,電子零組件業,https://www.cnyes.com/twstock/3032,114.5,-3.5,-2.97%,鉅亨
3033,威健,2002/8/26,上市,電子通路業,https://www.cnyes.com/twstock/3033,34.3,0.1,0.29%,鉅亨
3034,聯詠,2002/8/26,上市,半導體業,https://www.cnyes.com/twstock/3034,494,-3,-0.60%,鉅亨
3035,智原,2002/8/26,上市,半導體業,https://www.cnyes.com/twstock/3035,179.5,-2.5,-1.37%,鉅亨
3036,文曄,2002/8/26,上市,電子通路業,https://www.cnyes.com/twstock/3036,134,0,0.00%,鉅亨
3037,欣興,2002/8/26,上市,電子零組件業,https://www.cnyes.com/twstock/3037,131,-1.5,-1.13%,鉅亨
3038,全台,2002/8/26,上市,光電業,https://www.cnyes.com/twstock/3038,22.1,0,0.00%,鉅亨
3040,遠見,2002/8/26,上市,其他業,https://www.cnyes.com/twstock/3040,68.1,-1.1,-1.59%,鉅亨
3041,揚智,2002/8/26,上市,半導體業,https://www.cnyes.com/twstock/3041,25,0,0.00%,鉅亨
3042,晶技,2002/8/26,上市,電子零組件業,https://www.cnyes.com/twstock/3042,84.1,-0.6,-0.71%,鉅亨
3043,科風,2002/8/26,上市,其他電子業,https://www.cnyes.com/twstock/3043,22.95,0.1,0.44%,鉅亨
3044,健鼎,2002/8/26,上市,電子零組件業,https://www.cnyes.com/twstock/3044,270.5,-4.5,-1.64%,鉅亨
3045,台灣大,2002/8/26,上市,通信網路業,https://www.cnyes.com/twstock/3045,105.5,-1.5,-1.40%,鉅亨
3046,建碁,2002/8/26,上市,電腦及週邊設備業,https://www.cnyes.com/twstock/3046,45.65,-0.8,-1.72%,鉅亨
3047,訊舟,2002/8/26,上市,通信網路業,https://www.cnyes.com/twstock/3047,18.05,-0.15,-0.82%,鉅亨
3048,益登,2002/10/1,上市,電子通路業,https://www.cnyes.com/twstock/3048,26.55,-0.45,-1.67%,鉅亨
3049,精金,2002/9/27,上市,光電業,https://www.cnyes.com/twstock/3049,6.02,0.03,0.50%,鉅亨
3050,鈺德,2002/10/29,上市,光電業,https://www.cnyes.com/twstock/3050,13.5,0,0.00%,鉅亨
3051,力特,2002/10/28,上市,光電業,https://www.cnyes.com/twstock/3051,25.55,-0.05,-0.20%,鉅亨
3052,夆典,1995/11/25,上市,建材營造業,https://www.cnyes.com/twstock/3052,12.55,-0.15,-1.18%,鉅亨
3054,立萬利,2002/11/18,上市,食品工業,https://www.cnyes.com/twstock/3054,22.75,-0.15,-0.66%,鉅亨
3055,蔚華科,2002/12/12,上市,電子通路業,https://www.cnyes.com/twstock/3055,58,-1.2,-2.03%,鉅亨
3056,富華新,2003/3/3,上市,建材營造業,https://www.cnyes.com/twstock/3056,35.15,-0.7,-1.95%,鉅亨
3057,喬鼎,2002/12/18,上市,電腦及週邊設備業,https://www.cnyes.com/twstock/3057,10.4,-0.2,-1.89%,鉅亨
3058,立德,2002/12/9,上市,電子零組件業,https://www.cnyes.com/twstock/3058,9.23,-0.06,-0.65%,鉅亨
3059,華晶科,2002/12/24,上市,光電業,https://www.cnyes.com/twstock/3059,39.35,-1.15,-2.84%,鉅亨
3060,銘異,2003/4/21,上市,電腦及週邊設備業,https://www.cnyes.com/twstock/3060,20,-0.1,-0.50%,鉅亨
3062,建漢,2003/7/28,上市,通信網路業,https://www.cnyes.com/twstock/3062,27,-1.25,-4.42%,鉅亨
3090,日電貿,2007/12/31,上市,電子零組件業,https://www.cnyes.com/twstock/3090,75.3,-0.3,-0.40%,鉅亨
3092,鴻碩,2021/5/13,上市,電子零組件業,https://www.cnyes.com/twstock/3092,18.3,0.1,0.55%,鉅亨
3094,聯傑,2007/8/6,上市,半導體業,https://www.cnyes.com/twstock/3094,24.2,0,0.00%,鉅亨
3130,一零四,2006/2/17,上市,數位雲端,https://www.cnyes.com/twstock/3130,223,1,0.45%,鉅亨
3138,耀登,2020/12/11,上市,通信網路業,https://www.cnyes.com/twstock/3138,90.8,0.8,0.89%,鉅亨
3149,正達,2011/11/23,上市,光電業,https://www.cnyes.com/twstock/3149,30.55,-0.6,-1.93%,鉅亨
3164,景岳,2010/3/22,上市,生技醫療業,https://www.cnyes.com/twstock/3164,21,0.05,0.24%,鉅亨
3167,大量,2013/10/21,上市,電機機械,https://www.cnyes.com/twstock/3167,168,0,0.00%,鉅亨
3168,眾福科,2024/3/26,上市,光電業,https://www.cnyes.com/twstock/3168,44.7,-0.3,-0.67%,鉅亨
3189,景碩,2004/11/1,上市,半導體業,https://www.cnyes.com/twstock/3189,100,-3,-2.91%,鉅亨
3209,全科,2008/11/26,上市,電子通路業,https://www.cnyes.com/twstock/3209,36.2,0.1,0.28%,鉅亨
3229,晟鈦,2009/12/31,上市,電子零組件業,https://www.cnyes.com/twstock/3229,14.35,-0.35,-2.38%,鉅亨
3231,緯創,2003/8/19,上市,電腦及週邊設備業,https://www.cnyes.com/twstock/3231,116.5,-0.5,-0.43%,鉅亨
3257,虹冠電,2011/3/21,上市,半導體業,https://www.cnyes.com/twstock/3257,58.4,-0.6,-1.02%,鉅亨
3266,昇陽,2014/12/24,上市,建材營造業,https://www.cnyes.com/twstock/3266,14.75,0.05,0.34%,鉅亨
3296,勝德,2007/12/31,上市,電子零組件業,https://www.cnyes.com/twstock/3296,21.95,0.2,0.92%,鉅亨
3305,昇貿,2008/7/10,上市,其他電子業,https://www.cnyes.com/twstock/3305,79.4,4.8,6.43%,鉅亨
3308,聯德,2008/3/12,上市,電子零組件業,https://www.cnyes.com/twstock/3308,17.55,-0.15,-0.85%,鉅亨
3311,閎暉,2004/3/8,上市,通信網路業,https://www.cnyes.com/twstock/3311,31.65,-0.15,-0.47%,鉅亨
3312,弘憶股,2010/12/29,上市,電子通路業,https://www.cnyes.com/twstock/3312,46.7,-0.05,-0.11%,鉅亨
3321,同泰,2015/12/15,上市,電子零組件業,https://www.cnyes.com/twstock/3321,7.75,0.34,4.59%,鉅亨
3338,泰碩,2013/12/13,上市,電子零組件業,https://www.cnyes.com/twstock/3338,51.8,-0.3,-0.58%,鉅亨
3346,麗清,2016/12/19,上市,汽車工業,https://www.cnyes.com/twstock/3346,24.3,-0.15,-0.61%,鉅亨
3356,奇偶,2005/3/28,上市,光電業,https://www.cnyes.com/twstock/3356,49.15,0.15,0.31%,鉅亨
3376,新日興,2007/12/31,上市,電子零組件業,https://www.cnyes.com/twstock/3376,238,-6,-2.46%,鉅亨
3380,明泰,2004/12/20,上市,通信網路業,https://www.cnyes.com/twstock/3380,27.15,-0.3,-1.09%,鉅亨
3406,玉晶光,2005/12/20,上市,光電業,https://www.cnyes.com/twstock/3406,438.5,-1.5,-0.34%,鉅亨
3413,京鼎,2015/7/28,上市,半導體業,https://www.cnyes.com/twstock/3413,302.5,-3,-0.98%,鉅亨
3416,融程電,2015/1/23,上市,電腦及週邊設備業,https://www.cnyes.com/twstock/3416,152,0.5,0.33%,鉅亨
3419,譁裕,2008/1/21,上市,通信網路業,https://www.cnyes.com/twstock/3419,12.75,0,0.00%,鉅亨
3432,台端,2010/12/30,上市,電子零組件業,https://www.cnyes.com/twstock/3432,14.6,-0.05,-0.34%,鉅亨
3437,榮創,2014/7/9,上市,光電業,https://www.cnyes.com/twstock/3437,14.05,-0.05,-0.35%,鉅亨
3443,創意,2006/11/3,上市,半導體業,https://www.cnyes.com/twstock/3443,1225,35,2.94%,鉅亨
3447,展達,2022/12/15,上市,通信網路業,https://www.cnyes.com/twstock/3447,54.1,0.1,0.19%,鉅亨
3450,聯鈞,2006/4/12,上市,半導體業,https://www.cnyes.com/twstock/3450,205,1.5,0.74%,鉅亨
3454,晶睿,2011/7/22,上市,光電業,https://www.cnyes.com/twstock/3454,106.5,-1.5,-1.39%,鉅亨
3481,群創,2006/10/24,上市,光電業,https://www.cnyes.com/twstock/3481,11.6,0.1,0.87%,鉅亨
3494,誠研,2007/12/13,上市,電腦及週邊設備業,https://www.cnyes.com/twstock/3494,13.1,-0.05,-0.38%,鉅亨
3501,維熹,2007/9/20,上市,電子零組件業,https://www.cnyes.com/twstock/3501,59.1,-0.3,-0.51%,鉅亨
3504,揚明光,2007/1/26,上市,光電業,https://www.cnyes.com/twstock/3504,50.2,0.3,0.60%,鉅亨
3515,華擎,2007/11/8,上市,電腦及週邊設備業,https://www.cnyes.com/twstock/3515,274.5,-6,-2.14%,鉅亨
3518,柏騰,2007/11/28,上市,其他電子業,https://www.cnyes.com/twstock/3518,16,0,0.00%,鉅亨
3528,安馳,2016/5/18,上市,電子通路業,https://www.cnyes.com/twstock/3528,82.5,-1.4,-1.67%,鉅亨
3530,晶相光,2018/7/16,上市,半導體業,https://www.cnyes.com/twstock/3530,58.5,0,0.00%,鉅亨
3532,台勝科,2007/12/10,上市,半導體業,https://www.cnyes.com/twstock/3532,87.6,-1.2,-1.35%,鉅亨
3533,嘉澤,2007/12/10,上市,電子零組件業,https://www.cnyes.com/twstock/3533,1475,-10,-0.67%,鉅亨
3535,晶彩科,2008/1/31,上市,光電業,https://www.cnyes.com/twstock/3535,65.6,0.6,0.92%,鉅亨
3543,州巧,2020/4/15,上市,光電業,https://www.cnyes.com/twstock/3543,36.4,3.3,9.97%,鉅亨
3545,敦泰,2007/7/3,上市,半導體業,https://www.cnyes.com/twstock/3545,66,-0.7,-1.05%,鉅亨
3550,聯穎,2010/11/10,上市,電子零組件業,https://www.cnyes.com/twstock/3550,13.8,0.05,0.36%,鉅亨
3557,嘉威,2008/2/27,上市,居家生活,https://www.cnyes.com/twstock/3557,46.1,-0.25,-0.54%,鉅亨
3563,牧德,2019/4/2,上市,光電業,https://www.cnyes.com/twstock/3563,500,-1,-0.20%,鉅亨
3576,聯合再生,2009/1/12,上市,光電業,https://www.cnyes.com/twstock/3576,7.04,0.05,0.72%,鉅亨
3583,辛耘,2013/3/12,上市,半導體業,https://www.cnyes.com/twstock/3583,339,-5,-1.45%,鉅亨
3588,通嘉,2009/8/14,上市,半導體業,https://www.cnyes.com/twstock/3588,43.65,-0.05,-0.11%,鉅亨
3591,艾笛森,2010/11/12,上市,光電業,https://www.cnyes.com/twstock/3591,17.7,0,0.00%,鉅亨
3592,瑞鼎,2022/1/7,上市,半導體業,https://www.cnyes.com/twstock/3592,359,-3,-0.83%,鉅亨
3593,力銘,2009/3/16,上市,電子零組件業,https://www.cnyes.com/twstock/3593,6.97,0.21,3.11%,鉅亨
3596,智易,2009/3/11,上市,通信網路業,https://www.cnyes.com/twstock/3596,217.5,6.5,3.08%,鉅亨
3605,宏致,2009/3/26,上市,電子零組件業,https://www.cnyes.com/twstock/3605,58.1,-1,-1.69%,鉅亨
3607,谷崧,2009/10/28,上市,電子零組件業,https://www.cnyes.com/twstock/3607,13.6,-0.15,-1.09%,鉅亨
3617,碩天,2009/12/23,上市,其他電子業,https://www.cnyes.com/twstock/3617,238.5,-3.5,-1.45%,鉅亨
3622,洋華,2009/3/25,上市,光電業,https://www.cnyes.com/twstock/3622,54.5,-0.2,-0.37%,鉅亨
3645,達邁,2011/10/5,上市,電子零組件業,https://www.cnyes.com/twstock/3645,59.5,-1.3,-2.14%,鉅亨
3652,精聯,2022/9/21,上市,電腦及週邊設備業,https://www.cnyes.com/twstock/3652,30.65,-0.95,-3.01%,鉅亨
3653,健策,2009/11/18,上市,電子零組件業,https://www.cnyes.com/twstock/3653,1440,-10,-0.69%,鉅亨
3661,世芯-KY,2014/10/28,上市,半導體業,https://www.cnyes.com/twstock/3661,3885,-90,-2.26%,鉅亨
3665,貿聯-KY,2011/4/21,上市,其他電子業,https://www.cnyes.com/twstock/3665,833,-17,-2.00%,鉅亨
3669,圓展,2011/8/25,上市,通信網路業,https://www.cnyes.com/twstock/3669,33.85,-0.25,-0.73%,鉅亨
3673,TPK-KY,2010/10/29,上市,光電業,https://www.cnyes.com/twstock/3673,33.1,0,0.00%,鉅亨
3679,新至陞,2011/10/5,上市,電子零組件業,https://www.cnyes.com/twstock/3679,132.5,0.5,0.38%,鉅亨
3686,達能,2010/7/20,上市,半導體業,https://www.cnyes.com/twstock/3686,15.95,0.1,0.63%,鉅亨
3694,海華,2011/5/3,上市,通信網路業,https://www.cnyes.com/twstock/3694,58.6,-0.7,-1.18%,鉅亨
3701,大眾控,2004/8/30,上市,電腦及週邊設備業,https://www.cnyes.com/twstock/3701,33.85,1.05,3.20%,鉅亨
3702,大聯大,2005/11/9,上市,電子通路業,https://www.cnyes.com/twstock/3702,68.6,0.8,1.18%,鉅亨
3703,欣陸,2010/4/8,上市,建材營造業,https://www.cnyes.com/twstock/3703,22.55,-0.05,-0.22%,鉅亨
3704,合勤控,2010/8/16,上市,通信網路業,https://www.cnyes.com/twstock/3704,28.05,0.6,2.19%,鉅亨
3705,永信,2011/1/3,上市,生技醫療業,https://www.cnyes.com/twstock/3705,61.2,1.1,1.83%,鉅亨
3706,神達,2013/9/12,上市,電腦及週邊設備業,https://www.cnyes.com/twstock/3706,76.4,-1.4,-1.80%,鉅亨
3708,上緯投控,2016/8/31,上市,綠能環保,https://www.cnyes.com/twstock/3708,113,0.5,0.44%,鉅亨
3711,日月光投控,2018/4/30,上市,半導體業,https://www.cnyes.com/twstock/3711,153.5,-2,-1.29%,鉅亨
3712,永崴投控,2018/10/1,上市,電腦及週邊設備業,https://www.cnyes.com/twstock/3712,49.8,-0.9,-1.78%,鉅亨
3714,富采,2021/1/6,上市,光電業,https://www.cnyes.com/twstock/3714,36.15,-0.2,-0.55%,鉅亨
3715,定穎投控,2022/8/25,上市,電子零組件業,https://www.cnyes.com/twstock/3715,67.2,0.4,0.60%,鉅亨
3716,中化控股,2024/9/2,上市,生技醫療業,https://www.cnyes.com/twstock/3716,33.9,-0.25,-0.73%,鉅亨
4104,佳醫,2007/12/31,上市,生技醫療業,https://www.cnyes.com/twstock/4104,84.3,0,0.00%,鉅亨
4106,雃博,2004/11/8,上市,生技醫療業,https://www.cnyes.com/twstock/4106,22.7,0.1,0.44%,鉅亨
4108,懷特,2008/7/16,上市,生技醫療業,https://www.cnyes.com/twstock/4108,12.95,-0.05,-0.38%,鉅亨
4119,旭富,2004/1/7,上市,生技醫療業,https://www.cnyes.com/twstock/4119,61.6,-0.1,-0.16%,鉅亨
4133,亞諾法,2009/12/28,上市,生技醫療業,https://www.cnyes.com/twstock/4133,28.1,0.35,1.26%,鉅亨
4137,麗豐-KY,2013/11/27,上市,生技醫療業,https://www.cnyes.com/twstock/4137,102,-2,-1.92%,鉅亨
4142,國光生,2012/5/3,上市,生技醫療業,https://www.cnyes.com/twstock/4142,17.65,0.1,0.57%,鉅亨
4148,全宇生技-KY,2017/6/8,上市,生技醫療業,https://www.cnyes.com/twstock/4148,43.7,1.15,2.70%,鉅亨
4155,訊映,2017/12/5,上市,生技醫療業,https://www.cnyes.com/twstock/4155,15.95,-0.1,-0.62%,鉅亨
4164,承業醫,2012/10/24,上市,生技醫療業,https://www.cnyes.com/twstock/4164,46.6,-1,-2.10%,鉅亨
4190,佐登-KY,2015/10/21,上市,生技醫療業,https://www.cnyes.com/twstock/4190,34.7,0.2,0.58%,鉅亨
4306,炎洲,2008/1/21,上市,塑膠工業,https://www.cnyes.com/twstock/4306,15.9,0.05,0.32%,鉅亨
4414,如興,2004/9/6,上市,紡織纖維,https://www.cnyes.com/twstock/4414,12.05,0.55,4.78%,鉅亨
4426,利勤,2011/12/16,上市,紡織纖維,https://www.cnyes.com/twstock/4426,10.25,0.05,0.49%,鉅亨
4438,廣越,2016/10/18,上市,紡織纖維,https://www.cnyes.com/twstock/4438,76.7,0.6,0.79%,鉅亨
4439,冠星-KY,2019/12/5,上市,紡織纖維,https://www.cnyes.com/twstock/4439,91.6,-1.6,-1.72%,鉅亨
4440,宜新實業,2021/10/25,上市,紡織纖維,https://www.cnyes.com/twstock/4440,16.45,-0.6,-3.52%,鉅亨
4526,東台,2003/9/15,上市,電機機械,https://www.cnyes.com/twstock/4526,30.05,-0.4,-1.31%,鉅亨
4532,瑞智,2003/8/4,上市,電機機械,https://www.cnyes.com/twstock/4532,23.7,-0.1,-0.42%,鉅亨
4536,拓凱,2013/10/9,上市,運動休閒,https://www.cnyes.com/twstock/4536,184,-1.5,-0.81%,鉅亨
4540,全球傳動,2018/8/15,上市,電機機械,https://www.cnyes.com/twstock/4540,38.35,-0.65,-1.67%,鉅亨
4545,銘鈺,2016/1/6,上市,電子零組件業,https://www.cnyes.com/twstock/4545,31.55,-0.9,-2.77%,鉅亨
4551,智伸科,2015/8/10,上市,汽車工業,https://www.cnyes.com/twstock/4551,121,0.5,0.41%,鉅亨
4552,力達-KY,2016/7/20,上市,電機機械,https://www.cnyes.com/twstock/4552,23.65,0.15,0.64%,鉅亨
4555,氣立,2015/10/27,上市,電機機械,https://www.cnyes.com/twstock/4555,35.15,0.2,0.57%,鉅亨
4557,永新-KY,2015/10/12,上市,汽車工業,https://www.cnyes.com/twstock/4557,92.8,-0.5,-0.54%,鉅亨
4560,強信-KY,2017/5/26,上市,電機機械,https://www.cnyes.com/twstock/4560,36.05,0,0.00%,鉅亨
4562,穎漢,2017/8/21,上市,電機機械,https://www.cnyes.com/twstock/4562,55.8,-1.2,-2.11%,鉅亨
4564,元翎,2019/3/7,上市,電機機械,https://www.cnyes.com/twstock/4564,15,0.1,0.67%,鉅亨
4566,時碩工業,2018/2/5,上市,電機機械,https://www.cnyes.com/twstock/4566,56.7,-0.9,-1.56%,鉅亨
4569,六方科-KY,2023/7/31,上市,汽車工業,https://www.cnyes.com/twstock/4569,151,0,0.00%,鉅亨
4571,鈞興-KY,2019/9/17,上市,電機機械,https://www.cnyes.com/twstock/4571,167.5,-2.5,-1.47%,鉅亨
4572,駐龍,2019/9/10,上市,電機機械,https://www.cnyes.com/twstock/4572,168,3,1.82%,鉅亨
4576,大銀微系統,2019/9/4,上市,電機機械,https://www.cnyes.com/twstock/4576,116,-1,-0.85%,鉅亨
4581,光隆精密-KY,2020/3/9,上市,汽車工業,https://www.cnyes.com/twstock/4581,55.2,0.2,0.36%,鉅亨
4583,台灣精銳,2022/5/9,上市,電機機械,https://www.cnyes.com/twstock/4583,727,-5,-0.68%,鉅亨
4588,玖鼎電力,2024/1/29,上市,其他電子業,https://www.cnyes.com/twstock/4588,64.6,0,0.00%,鉅亨
4720,德淵,2015/6/24,上市,化學工業,https://www.cnyes.com/twstock/4720,15,0.05,0.33%,鉅亨
4722,國精化,2012/8/15,上市,化學工業,https://www.cnyes.com/twstock/4722,65.3,0.5,0.77%,鉅亨
4736,泰博,2023/12/22,上市,生技醫療業,https://www.cnyes.com/twstock/4736,125,-0.5,-0.40%,鉅亨
4737,華廣,2010/12/23,上市,生技醫療業,https://www.cnyes.com/twstock/4737,75.2,1.5,2.04%,鉅亨
4739,康普,2017/9/8,上市,化學工業,https://www.cnyes.com/twstock/4739,57.3,-2.2,-3.70%,鉅亨
4746,台耀,2011/3/1,上市,生技醫療業,https://www.cnyes.com/twstock/4746,68.1,-0.1,-0.15%,鉅亨
4755,三福化,2013/11/27,上市,化學工業,https://www.cnyes.com/twstock/4755,115,0,0.00%,鉅亨
4763,材料*-KY,2015/11/9,上市,化學工業,https://www.cnyes.com/twstock/4763,81,-1.2,-1.46%,鉅亨
4764,雙鍵,2018/1/4,上市,化學工業,https://www.cnyes.com/twstock/4764,41.25,0,0.00%,鉅亨
4766,南寶,2018/11/28,上市,化學工業,https://www.cnyes.com/twstock/4766,321,2.5,0.78%,鉅亨
4770,上品,2021/12/22,上市,化學工業,https://www.cnyes.com/twstock/4770,257,-4,-1.53%,鉅亨
4771,望隼,2024/3/18,上市,生技醫療業,https://www.cnyes.com/twstock/4771,183.5,0.5,0.27%,鉅亨
4807,日成-KY,2017/6/26,上市,貿易百貨業,https://www.cnyes.com/twstock/4807,15.85,-0.05,-0.31%,鉅亨
4904,遠傳,2005/8/24,上市,通信網路業,https://www.cnyes.com/twstock/4904,81.9,0.2,0.24%,鉅亨
4906,正文,2003/6/30,上市,通信網路業,https://www.cnyes.com/twstock/4906,24.2,0.2,0.83%,鉅亨
4912,聯德控股-KY,2015/5/21,上市,電子零組件業,https://www.cnyes.com/twstock/4912,79.9,-0.7,-0.87%,鉅亨
4915,致伸,2012/10/5,上市,電子零組件業,https://www.cnyes.com/twstock/4915,74,-0.7,-0.94%,鉅亨
4916,事欣科,2013/11/21,上市,電腦及週邊設備業,https://www.cnyes.com/twstock/4916,47.15,1.35,2.95%,鉅亨
4919,新唐,2010/9/27,上市,半導體業,https://www.cnyes.com/twstock/4919,70.2,-0.3,-0.43%,鉅亨
4927,泰鼎-KY,2015/9/8,上市,電子零組件業,https://www.cnyes.com/twstock/4927,24.55,-0.35,-1.41%,鉅亨
4930,燦星網,2010/6/21,上市,電器電纜,https://www.cnyes.com/twstock/4930,22.9,-0.05,-0.22%,鉅亨
4934,太極,2010/3/10,上市,光電業,https://www.cnyes.com/twstock/4934,10.5,0.05,0.48%,鉅亨
4935,茂林-KY,2011/7/28,上市,光電業,https://www.cnyes.com/twstock/4935,40.05,-0.45,-1.11%,鉅亨
4938,和碩,2010/6/24,上市,電腦及週邊設備業,https://www.cnyes.com/twstock/4938,81,-0.2,-0.25%,鉅亨
4942,嘉彰,2011/6/27,上市,光電業,https://www.cnyes.com/twstock/4942,38.75,0.15,0.39%,鉅亨
4943,康控-KY,2016/11/11,上市,電子零組件業,https://www.cnyes.com/twstock/4943,9.98,0,0.00%,鉅亨
4949,有成精密,2024/5/9,上市,光電業,https://www.cnyes.com/twstock/4949,45.3,0,0.00%,鉅亨
4952,凌通,2011/11/1,上市,半導體業,https://www.cnyes.com/twstock/4952,38.95,-0.25,-0.64%,鉅亨
4956,光鋐,2011/10/24,上市,光電業,https://www.cnyes.com/twstock/4956,23.05,-0.3,-1.28%,鉅亨
4958,臻鼎-KY,2011/12/26,上市,電子零組件業,https://www.cnyes.com/twstock/4958,116,-1.5,-1.28%,鉅亨
4960,誠美材,2011/10/24,上市,光電業,https://www.cnyes.com/twstock/4960,13.8,-0.15,-1.08%,鉅亨
4961,天鈺,2018/10/17,上市,半導體業,https://www.cnyes.com/twstock/4961,184.5,-1.5,-0.81%,鉅亨
4967,十銓,2019/1/14,上市,半導體業,https://www.cnyes.com/twstock/4967,73.4,-0.3,-0.41%,鉅亨
4968,立積,2015/11/13,上市,半導體業,https://www.cnyes.com/twstock/4968,122.5,2,1.66%,鉅亨
4976,佳凌,2012/11/20,上市,光電業,https://www.cnyes.com/twstock/4976,27.4,-0.2,-0.72%,鉅亨
4977,眾達-KY,2013/11/20,上市,通信網路業,https://www.cnyes.com/twstock/4977,92.6,0.4,0.43%,鉅亨
4989,榮科,2018/6/28,上市,電子零組件業,https://www.cnyes.com/twstock/4989,22.6,-0.9,-3.83%,鉅亨
4994,傳奇,2013/12/25,上市,資訊服務業,https://www.cnyes.com/twstock/4994,94.4,-0.1,-0.11%,鉅亨
4999,鑫禾,2013/6/3,上市,電子零組件業,https://www.cnyes.com/twstock/4999,24.9,0.2,0.81%,鉅亨
5007,三星,2011/9/16,上市,鋼鐵工業,https://www.cnyes.com/twstock/5007,52.6,-0.4,-0.75%,鉅亨
5203,訊連,2004/9/27,上市,資訊服務業,https://www.cnyes.com/twstock/5203,98.3,-0.9,-0.91%,鉅亨
5215,科嘉-KY,2011/12/26,上市,電腦及週邊設備業,https://www.cnyes.com/twstock/5215,36.25,0.1,0.28%,鉅亨
5222,全訊,2021/10/25,上市,半導體業,https://www.cnyes.com/twstock/5222,123.5,2.5,2.07%,鉅亨
5225,東科-KY,2012/11/5,上市,其他電子業,https://www.cnyes.com/twstock/5225,86.2,-0.6,-0.69%,鉅亨
5234,達興材料,2012/7/16,上市,光電業,https://www.cnyes.com/twstock/5234,244.5,-2.5,-1.01%,鉅亨
5243,乙盛-KY,2013/11/25,上市,光電業,https://www.cnyes.com/twstock/5243,61.2,-0.8,-1.29%,鉅亨
5244,弘凱,2022/1/19,上市,光電業,https://www.cnyes.com/twstock/5244,45.2,-0.8,-1.74%,鉅亨
5258,虹堡,2016/12/30,上市,電腦及週邊設備業,https://www.cnyes.com/twstock/5258,69,0,0.00%,鉅亨
5269,祥碩,2012/12/12,上市,半導體業,https://www.cnyes.com/twstock/5269,1920,30,1.59%,鉅亨
5283,禾聯碩,2019/5/24,上市,電器電纜,https://www.cnyes.com/twstock/5283,73.1,0.2,0.27%,鉅亨
5284,jpp-KY,2017/3/9,上市,其他業,https://www.cnyes.com/twstock/5284,200,1.5,0.76%,鉅亨
5285,界霖,2014/2/25,上市,半導體業,https://www.cnyes.com/twstock/5285,45.75,0.15,0.33%,鉅亨
5288,豐祥-KY,2014/9/25,上市,電機機械,https://www.cnyes.com/twstock/5288,139.5,-1.5,-1.06%,鉅亨
5292,華懋,2020/1/7,上市,綠能環保,https://www.cnyes.com/twstock/5292,151,-1,-0.66%,鉅亨
5306,桂盟,2022/3/8,上市,運動休閒,https://www.cnyes.com/twstock/5306,95,-1,-1.04%,鉅亨
5388,中磊,2007/12/3,上市,通信網路業,https://www.cnyes.com/twstock/5388,97.4,0.5,0.52%,鉅亨
5434,崇越,2003/8/25,上市,電子通路業,https://www.cnyes.com/twstock/5434,287.5,1.5,0.52%,鉅亨
5469,瀚宇博,2003/8/25,上市,電子零組件業,https://www.cnyes.com/twstock/5469,69.3,1,1.46%,鉅亨
5471,松翰,2003/8/25,上市,半導體業,https://www.cnyes.com/twstock/5471,32.75,0.75,2.34%,鉅亨
5484,慧友,2003/8/25,上市,光電業,https://www.cnyes.com/twstock/5484,38.15,-0.45,-1.17%,鉅亨
5515,建國,2003/10/6,上市,建材營造業,https://www.cnyes.com/twstock/5515,25.65,0.6,2.40%,鉅亨
5519,隆大,2014/2/10,上市,建材營造業,https://www.cnyes.com/twstock/5519,29.25,-0.05,-0.17%,鉅亨
5521,工信,2012/12/18,上市,建材營造業,https://www.cnyes.com/twstock/5521,11.35,-0.1,-0.87%,鉅亨
5522,遠雄,2007/8/6,上市,建材營造業,https://www.cnyes.com/twstock/5522,63.3,0,0.00%,鉅亨
5525,順天,2004/11/26,上市,建材營造業,https://www.cnyes.com/twstock/5525,31.8,0.05,0.16%,鉅亨
5531,鄉林,2005/1/31,上市,建材營造業,https://www.cnyes.com/twstock/5531,9.27,0.25,2.77%,鉅亨
5533,皇鼎,2008/4/30,上市,建材營造業,https://www.cnyes.com/twstock/5533,16.9,-0.05,-0.29%,鉅亨
5534,長虹,2004/5/24,上市,建材營造業,https://www.cnyes.com/twstock/5534,83,-0.6,-0.72%,鉅亨
5538,東明-KY,2013/12/16,上市,鋼鐵工業,https://www.cnyes.com/twstock/5538,29.8,-0.2,-0.67%,鉅亨
5546,永固-KY,2020/5/20,上市,建材營造業,https://www.cnyes.com/twstock/5546,27.85,-0.5,-1.76%,鉅亨
5607,遠雄港,2004/12/2,上市,航運業,https://www.cnyes.com/twstock/5607,46.35,0.25,0.54%,鉅亨
5608,四維航,2003/8/25,上市,航運業,https://www.cnyes.com/twstock/5608,17,1.3,8.28%,鉅亨
5706,鳳凰,2011/10/21,上市,觀光餐旅,https://www.cnyes.com/twstock/5706,56.5,0,0.00%,鉅亨
5871,中租-KY,2011/12/13,上市,其他業,https://www.cnyes.com/twstock/5871,129.5,-1,-0.77%,鉅亨
5876,上海商銀,2018/10/19,上市,金融保險業,https://www.cnyes.com/twstock/5876,44.25,0.3,0.68%,鉅亨
5880,合庫金,2011/12/1,上市,金融保險業,https://www.cnyes.com/twstock/5880,25.55,-0.15,-0.58%,鉅亨
5906,台南-KY,2011/10/24,上市,貿易百貨業,https://www.cnyes.com/twstock/5906,49.1,0,0.00%,鉅亨
5907,大洋-KY,2012/6/6,上市,貿易百貨業,https://www.cnyes.com/twstock/5907,6.39,-0.01,-0.16%,鉅亨
6005,群益證,2005/11/21,上市,金融保險業,https://www.cnyes.com/twstock/6005,20.4,0,0.00%,鉅亨
6024,群益期,2017/10/16,上市,金融保險業,https://www.cnyes.com/twstock/6024,49.25,-0.25,-0.51%,鉅亨
6108,競國,2008/12/30,上市,電子零組件業,https://www.cnyes.com/twstock/6108,14.05,0.25,1.81%,鉅亨
6112,邁達特,2003/8/4,上市,資訊服務業,https://www.cnyes.com/twstock/6112,54.8,-1.4,-2.49%,鉅亨
6115,鎰勝,2004/7/19,上市,電子零組件業,https://www.cnyes.com/twstock/6115,49.75,0,0.00%,鉅亨
6116,彩晶,2004/9/6,上市,光電業,https://www.cnyes.com/twstock/6116,7.12,0.13,1.86%,鉅亨
6117,迎廣,2003/8/25,上市,電腦及週邊設備業,https://www.cnyes.com/twstock/6117,92.6,-1,-1.07%,鉅亨
6120,達運,2006/9/13,上市,光電業,https://www.cnyes.com/twstock/6120,11.1,0.4,3.74%,鉅亨
6128,上福,2003/6/16,上市,電腦及週邊設備業,https://www.cnyes.com/twstock/6128,30.1,-0.05,-0.17%,鉅亨
6133,金橋,2003/8/15,上市,電子零組件業,https://www.cnyes.com/twstock/6133,14.2,0.2,1.43%,鉅亨
6136,富爾特,2003/8/25,上市,通信網路業,https://www.cnyes.com/twstock/6136,22.4,-0.05,-0.22%,鉅亨
6139,亞翔,2003/8/25,上市,其他電子業,https://www.cnyes.com/twstock/6139,354,3,0.85%,鉅亨
6141,柏承,2003/10/22,上市,電子零組件業,https://www.cnyes.com/twstock/6141,12.6,-0.2,-1.56%,鉅亨
6142,友勁,2003/8/4,上市,通信網路業,https://www.cnyes.com/twstock/6142,9.27,0.08,0.87%,鉅亨
6152,百一,2009/12/8,上市,通信網路業,https://www.cnyes.com/twstock/6152,8.62,0.02,0.23%,鉅亨
6153,嘉聯益,2008/1/21,上市,電子零組件業,https://www.cnyes.com/twstock/6153,13.85,-0.35,-2.46%,鉅亨
6155,鈞寶,2006/8/18,上市,電子零組件業,https://www.cnyes.com/twstock/6155,22.75,-0.15,-0.66%,鉅亨
6164,華興,2008/10/21,上市,光電業,https://www.cnyes.com/twstock/6164,9.94,-0.06,-0.60%,鉅亨
6165,浪凡,2003/8/4,上市,數位雲端,https://www.cnyes.com/twstock/6165,52.5,0.5,0.96%,鉅亨
6166,凌華,2004/11/8,上市,電腦及週邊設備業,https://www.cnyes.com/twstock/6166,66.1,-1.8,-2.65%,鉅亨
6168,宏齊,2003/8/25,上市,光電業,https://www.cnyes.com/twstock/6168,17.3,0.45,2.67%,鉅亨
6176,瑞儀,2007/5/15,上市,光電業,https://www.cnyes.com/twstock/6176,141.5,-0.5,-0.35%,鉅亨
6177,達麗,2013/8/1,上市,建材營造業,https://www.cnyes.com/twstock/6177,48.1,-0.2,-0.41%,鉅亨
6183,關貿,2011/12/1,上市,資訊服務業,https://www.cnyes.com/twstock/6183,94.8,0.1,0.11%,鉅亨
6184,大豐電,2005/2/15,上市,其他業,https://www.cnyes.com/twstock/6184,50.7,-0.1,-0.20%,鉅亨
6189,豐藝,2004/5/24,上市,電子通路業,https://www.cnyes.com/twstock/6189,62.8,0.3,0.48%,鉅亨
6191,精成科,2007/10/19,上市,電子零組件業,https://www.cnyes.com/twstock/6191,110,2.5,2.33%,鉅亨
6192,巨路,2004/9/27,上市,其他電子業,https://www.cnyes.com/twstock/6192,96.4,-0.4,-0.41%,鉅亨
6196,帆宣,2004/5/24,上市,其他電子業,https://www.cnyes.com/twstock/6196,207.5,1,0.48%,鉅亨
6197,佳必琪,2004/11/8,上市,電子零組件業,https://www.cnyes.com/twstock/6197,134.5,-0.5,-0.37%,鉅亨
6201,亞弘電,2004/9/27,上市,其他電子業,https://www.cnyes.com/twstock/6201,61.5,-0.9,-1.44%,鉅亨
6202,盛群,2004/9/27,上市,半導體業,https://www.cnyes.com/twstock/6202,40.4,-0.6,-1.46%,鉅亨
6205,詮欣,2008/1/21,上市,電子零組件業,https://www.cnyes.com/twstock/6205,42.8,0.1,0.23%,鉅亨
6206,飛捷,2004/8/3,上市,電腦及週邊設備業,https://www.cnyes.com/twstock/6206,121.5,-1,-0.82%,鉅亨
6209,今國光,2004/11/8,上市,光電業,https://www.cnyes.com/twstock/6209,25.1,-0.45,-1.76%,鉅亨
6213,聯茂,2008/1/21,上市,電子零組件業,https://www.cnyes.com/twstock/6213,97.1,6,6.59%,鉅亨
6214,精誠,2010/12/30,上市,資訊服務業,https://www.cnyes.com/twstock/6214,110.5,0,0.00%,鉅亨
6215,和椿,2007/12/31,上市,其他電子業,https://www.cnyes.com/twstock/6215,117,-5,-4.10%,鉅亨
6216,居易,2004/9/27,上市,通信網路業,https://www.cnyes.com/twstock/6216,31.95,0.1,0.31%,鉅亨
6224,聚鼎,2009/9/17,上市,電子零組件業,https://www.cnyes.com/twstock/6224,43.45,0.45,1.05%,鉅亨
6225,天瀚,2004/9/27,上市,光電業,https://www.cnyes.com/twstock/6225,12.7,0.7,5.83%,鉅亨
6226,光鼎,2008/11/10,上市,光電業,https://www.cnyes.com/twstock/6226,6.68,0.02,0.30%,鉅亨
6230,尼得科超眾,2010/9/16,上市,電腦及週邊設備業,https://www.cnyes.com/twstock/6230,128.5,-1,-0.77%,鉅亨
6235,華孚,2004/8/23,上市,電腦及週邊設備業,https://www.cnyes.com/twstock/6235,52.6,-0.4,-0.75%,鉅亨
6239,力成,2004/11/8,上市,半導體業,https://www.cnyes.com/twstock/6239,140,1,0.72%,鉅亨
6243,迅杰,2009/12/17,上市,半導體業,https://www.cnyes.com/twstock/6243,37.7,-0.55,-1.44%,鉅亨
6257,矽格,2003/8/25,上市,半導體業,https://www.cnyes.com/twstock/6257,79.5,-0.8,-1.00%,鉅亨
6269,台郡,2003/9/23,上市,電子零組件業,https://www.cnyes.com/twstock/6269,66.7,1,1.52%,鉅亨
6271,同欣電,2007/11/16,上市,半導體業,https://www.cnyes.com/twstock/6271,110,-1,-0.90%,鉅亨
6277,宏正,2003/10/30,上市,電腦及週邊設備業,https://www.cnyes.com/twstock/6277,58.8,0.5,0.86%,鉅亨
6278,台表科,2010/8/24,上市,光電業,https://www.cnyes.com/twstock/6278,105,-0.5,-0.47%,鉅亨
6281,全國電,2005/12/8,上市,電子通路業,https://www.cnyes.com/twstock/6281,71.6,-0.1,-0.14%,鉅亨
6282,康舒,2003/9/8,上市,電子零組件業,https://www.cnyes.com/twstock/6282,27.3,0.1,0.37%,鉅亨
6283,淳安,2008/1/21,上市,其他電子業,https://www.cnyes.com/twstock/6283,21.3,0.15,0.71%,鉅亨
6285,啟碁,2003/9/22,上市,通信網路業,https://www.cnyes.com/twstock/6285,118,1,0.85%,鉅亨
6288,聯嘉,2018/5/9,上市,汽車工業,https://www.cnyes.com/twstock/6288,23.6,1.15,5.12%,鉅亨
6405,悅城,2013/11/28,上市,光電業,https://www.cnyes.com/twstock/6405,24.35,0.15,0.62%,鉅亨
6409,旭隼,2014/3/31,上市,其他電子業,https://www.cnyes.com/twstock/6409,1210,-10,-0.82%,鉅亨
6412,群電,2013/11/8,上市,電子零組件業,https://www.cnyes.com/twstock/6412,114.5,-0.5,-0.43%,鉅亨
6414,樺漢,2014/3/28,上市,電腦及週邊設備業,https://www.cnyes.com/twstock/6414,301,-2,-0.66%,鉅亨
6415,矽力*-KY,2013/12/12,上市,半導體業,https://www.cnyes.com/twstock/6415,347,-2,-0.57%,鉅亨
6416,瑞祺電通,2018/4/16,上市,通信網路業,https://www.cnyes.com/twstock/6416,87.7,0.3,0.34%,鉅亨
6426,統新,2021/3/24,上市,通信網路業,https://www.cnyes.com/twstock/6426,74.5,-0.6,-0.80%,鉅亨
6431,光麗-KY,2014/12/4,上市,生技醫療業,https://www.cnyes.com/twstock/6431,15.6,0.15,0.97%,鉅亨
6438,迅得,2021/1/19,上市,其他電子業,https://www.cnyes.com/twstock/6438,156.5,0.5,0.32%,鉅亨
6442,光聖,2015/7/14,上市,通信網路業,https://www.cnyes.com/twstock/6442,602,-15,-2.43%,鉅亨
6443,元晶,2015/10/1,上市,光電業,https://www.cnyes.com/twstock/6443,16.15,0.05,0.31%,鉅亨
6446,藥華藥,2024/1/25,上市,生技醫療業,https://www.cnyes.com/twstock/6446,516,-10,-1.90%,鉅亨
6449,鈺邦,2014/12/9,上市,電子零組件業,https://www.cnyes.com/twstock/6449,105,-1,-0.94%,鉅亨
6451,訊芯-KY,2015/1/26,上市,半導體業,https://www.cnyes.com/twstock/6451,141.5,-3,-2.08%,鉅亨
6456,GIS-KY,2015/6/12,上市,光電業,https://www.cnyes.com/twstock/6456,45.95,0.95,2.11%,鉅亨
6464,台數科,2015/12/16,上市,其他業,https://www.cnyes.com/twstock/6464,80.9,0,0.00%,鉅亨
6472,保瑞,2023/12/19,上市,生技醫療業,https://www.cnyes.com/twstock/6472,826,0,0.00%,鉅亨
6477,安集,2016/6/21,上市,光電業,https://www.cnyes.com/twstock/6477,30.9,2.1,7.29%,鉅亨
6491,晶碩,2019/10/7,上市,生技醫療業,https://www.cnyes.com/twstock/6491,321.5,3.5,1.10%,鉅亨
6504,南六,2013/5/7,上市,其他業,https://www.cnyes.com/twstock/6504,59.6,-0.4,-0.67%,鉅亨
6505,台塑化,2003/12/26,上市,油電燃氣業,https://www.cnyes.com/twstock/6505,39.35,-0.75,-1.87%,鉅亨
6515,穎崴,2021/1/20,上市,半導體業,https://www.cnyes.com/twstock/6515,1115,100,9.85%,鉅亨
6525,捷敏-KY,2016/4/12,上市,半導體業,https://www.cnyes.com/twstock/6525,68.2,-0.7,-1.02%,鉅亨
6526,達發,2023/10/19,上市,半導體業,https://www.cnyes.com/twstock/6526,540,0,0.00%,鉅亨
6531,愛普*,2016/5/31,上市,半導體業,https://www.cnyes.com/twstock/6531,309.5,0,0.00%,鉅亨
6533,晶心科,2017/3/14,上市,半導體業,https://www.cnyes.com/twstock/6533,281.5,-4.5,-1.57%,鉅亨
6541,泰福-KY,2017/10/26,上市,生技醫療業,https://www.cnyes.com/twstock/6541,50.3,-0.7,-1.37%,鉅亨
6550,北極星藥業-KY,2022/6/6,上市,生技醫療業,https://www.cnyes.com/twstock/6550,38.15,-0.45,-1.17%,鉅亨
6552,易華電,2017/1/10,上市,半導體業,https://www.cnyes.com/twstock/6552,24.2,-0.25,-1.02%,鉅亨
6558,興能高,2018/12/5,上市,其他電子業,https://www.cnyes.com/twstock/6558,47.8,-0.95,-1.95%,鉅亨
6573,虹揚-KY,2017/9/26,上市,半導體業,https://www.cnyes.com/twstock/6573,9.15,0.04,0.44%,鉅亨
6579,研揚,2017/8/21,上市,電腦及週邊設備業,https://www.cnyes.com/twstock/6579,124.5,0.5,0.40%,鉅亨
6581,鋼聯,2018/1/30,上市,綠能環保,https://www.cnyes.com/twstock/6581,105,0.5,0.48%,鉅亨
6582,申豐,2017/6/14,上市,橡膠工業,https://www.cnyes.com/twstock/6582,33.15,-0.75,-2.21%,鉅亨
6585,鼎基,2022/5/20,上市,其他業,https://www.cnyes.com/twstock/6585,101.5,-0.5,-0.49%,鉅亨
6589,台康生技,2025/7/21,上市,生技醫療業,https://www.cnyes.com/twstock/6589,67.5,-0.1,-0.15%,鉅亨
6591,動力-KY,2017/12/28,上市,電腦及週邊設備業,https://www.cnyes.com/twstock/6591,65.7,-0.7,-1.05%,鉅亨
6592,和潤企業,2019/12/9,上市,其他業,https://www.cnyes.com/twstock/6592,66.1,-0.4,-0.60%,鉅亨
6598,ABC-KY,2020/6/9,上市,生技醫療業,https://www.cnyes.com/twstock/6598,20.1,-0.1,-0.50%,鉅亨
6605,帝寶,2004/3/17,上市,汽車工業,https://www.cnyes.com/twstock/6605,181,-2.5,-1.36%,鉅亨
6606,建德工業,2023/3/24,上市,電機機械,https://www.cnyes.com/twstock/6606,24.25,-0.2,-0.82%,鉅亨
6625,必應,2018/2/7,上市,其他業,https://www.cnyes.com/twstock/6625,89,-1.6,-1.77%,鉅亨
6641,基士德-KY,2018/9/21,上市,綠能環保,https://www.cnyes.com/twstock/6641,21.65,0.1,0.46%,鉅亨
6655,科定,2018/11/28,上市,其他業,https://www.cnyes.com/twstock/6655,122,0,0.00%,鉅亨
6657,華安,2023/6/12,上市,生技醫療業,https://www.cnyes.com/twstock/6657,60.6,-0.4,-0.66%,鉅亨
6658,聯策,2023/11/2,上市,其他電子業,https://www.cnyes.com/twstock/6658,68.7,-0.8,-1.15%,鉅亨
6666,羅麗芬-KY,2018/11/19,上市,生技醫療業,https://www.cnyes.com/twstock/6666,44.95,-0.1,-0.22%,鉅亨
6668,中揚光,2018/12/12,上市,光電業,https://www.cnyes.com/twstock/6668,45,-0.9,-1.96%,鉅亨
6669,緯穎,2019/3/27,上市,電腦及週邊設備業,https://www.cnyes.com/twstock/6669,2515,5,0.20%,鉅亨
6670,復盛應用,2018/12/18,上市,運動休閒,https://www.cnyes.com/twstock/6670,286.5,-1.5,-0.52%,鉅亨
6671,三能-KY,2018/12/11,上市,居家生活,https://www.cnyes.com/twstock/6671,39.1,0,0.00%,鉅亨
6672,騰輝電子-KY,2019/4/17,上市,電子零組件業,https://www.cnyes.com/twstock/6672,74.1,0.2,0.27%,鉅亨
6674,鋐寶科技,2018/11/28,上市,通信網路業,https://www.cnyes.com/twstock/6674,26.6,0.5,1.92%,鉅亨
6689,伊雲谷,2022/9/13,上市,數位雲端,https://www.cnyes.com/twstock/6689,79.6,-0.3,-0.38%,鉅亨
6691,洋基工程,2022/1/3,上市,其他電子業,https://www.cnyes.com/twstock/6691,421.5,0.5,0.12%,鉅亨
6695,芯鼎,2022/11/4,上市,半導體業,https://www.cnyes.com/twstock/6695,48.2,-1.1,-2.23%,鉅亨
6698,旭暉應材,2019/11/25,上市,其他電子業,https://www.cnyes.com/twstock/6698,30.85,-0.35,-1.12%,鉅亨
6706,惠特,2019/12/19,上市,光電業,https://www.cnyes.com/twstock/6706,62.5,-1.1,-1.73%,鉅亨
6715,嘉基,2019/12/12,上市,電子零組件業,https://www.cnyes.com/twstock/6715,114.5,1,0.88%,鉅亨
6719,力智,2022/1/13,上市,半導體業,https://www.cnyes.com/twstock/6719,202,-3,-1.46%,鉅亨
6742,澤米,2023/12/5,上市,光電業,https://www.cnyes.com/twstock/6742,53.6,-0.6,-1.11%,鉅亨
6743,安普新,2020/12/14,上市,其他電子業,https://www.cnyes.com/twstock/6743,30.9,0.15,0.49%,鉅亨
6753,龍德造船,2023/3/10,上市,航運業,https://www.cnyes.com/twstock/6753,106,-1,-0.93%,鉅亨
6754,匯僑設計,2020/8/25,上市,居家生活,https://www.cnyes.com/twstock/6754,55.5,-0.6,-1.07%,鉅亨
6756,威鋒電子,2020/12/24,上市,半導體業,https://www.cnyes.com/twstock/6756,92.1,-0.7,-0.75%,鉅亨
6757,台灣虎航,2024/11/29,上市,航運業,https://www.cnyes.com/twstock/6757,86.7,-0.8,-0.91%,鉅亨
6768,志強-KY,2021/4/22,上市,運動休閒,https://www.cnyes.com/twstock/6768,103,0,0.00%,鉅亨
6770,力積電,2021/12/6,上市,半導體業,https://www.cnyes.com/twstock/6770,15.3,0.05,0.33%,鉅亨
6776,展碁國際,2021/3/31,上市,電子通路業,https://www.cnyes.com/twstock/6776,56.9,0.3,0.53%,鉅亨
6781,AES-KY,2021/3/22,上市,電子零組件業,https://www.cnyes.com/twstock/6781,998,18,1.84%,鉅亨
6782,視陽,2022/11/28,上市,生技醫療業,https://www.cnyes.com/twstock/6782,171.5,1,0.59%,鉅亨
6789,采鈺,2022/6/30,上市,半導體業,https://www.cnyes.com/twstock/6789,232,0.5,0.22%,鉅亨
6790,永豐實,2021/9/29,上市,造紙工業,https://www.cnyes.com/twstock/6790,39.85,0,0.00%,鉅亨
6792,詠業,2021/12/8,上市,通信網路業,https://www.cnyes.com/twstock/6792,49.7,0.2,0.40%,鉅亨
6796,晉弘,2022/6/1,上市,生技醫療業,https://www.cnyes.com/twstock/6796,80.7,1.2,1.51%,鉅亨
6799,來頡,2022/5/12,上市,半導體業,https://www.cnyes.com/twstock/6799,89.1,0.1,0.11%,鉅亨
6805,富世達,2023/11/9,上市,電子零組件業,https://www.cnyes.com/twstock/6805,856,-21,-2.39%,鉅亨
6806,森崴能源,2021/11/15,上市,綠能環保,https://www.cnyes.com/twstock/6806,82.9,0.3,0.36%,鉅亨
6807,峰源-KY,2022/4/25,上市,居家生活,https://www.cnyes.com/twstock/6807,48.8,0.3,0.62%,鉅亨
6830,汎銓,2022/8/31,上市,其他電子業,https://www.cnyes.com/twstock/6830,135.5,1,0.74%,鉅亨
6834,天二科技,2022/9/1,上市,電子零組件業,https://www.cnyes.com/twstock/6834,30.9,0.3,0.98%,鉅亨
6835,圓裕,2022/11/10,上市,電子零組件業,https://www.cnyes.com/twstock/6835,40.65,-0.15,-0.37%,鉅亨
6838,台新藥,2024/8/13,上市,生技醫療業,https://www.cnyes.com/twstock/6838,32,-0.05,-0.16%,鉅亨
6861,睿生光電,2023/3/27,上市,生技醫療業,https://www.cnyes.com/twstock/6861,50.8,-0.3,-0.59%,鉅亨
6862,三集瑞-KY,2024/10/23,上市,電子零組件業,https://www.cnyes.com/twstock/6862,131.5,-1.5,-1.13%,鉅亨
6863,永道-KY,2023/3/21,上市,通信網路業,https://www.cnyes.com/twstock/6863,154,0.5,0.33%,鉅亨
6869,雲豹能源,2024/6/19,上市,綠能環保,https://www.cnyes.com/twstock/6869,146.5,-0.5,-0.34%,鉅亨
6873,泓德能源,2024/9/26,上市,綠能環保,https://www.cnyes.com/twstock/6873,219.5,6.5,3.05%,鉅亨
6885,全福生技,2024/12/16,上市,生技醫療業,https://www.cnyes.com/twstock/6885,32.55,-0.6,-1.81%,鉅亨
6887,寶綠特-KY,2025/3/10,上市,綠能環保,https://www.cnyes.com/twstock/6887,78.5,1.5,1.95%,鉅亨
6890,來億-KY,2024/6/12,上市,運動休閒,https://www.cnyes.com/twstock/6890,291,7,2.46%,鉅亨
6901,鑽石投資,2023/9/19,上市,其他業,https://www.cnyes.com/twstock/6901,20.3,-0.45,-2.17%,鉅亨
6902,GOGOLOOK,2025/5/16,上市,數位雲端,https://www.cnyes.com/twstock/6902,75.4,-1,-1.31%,鉅亨
6906,現觀科,2024/1/15,上市,數位雲端,https://www.cnyes.com/twstock/6906,122.5,-0.5,-0.41%,鉅亨
6909,創控,2025/5/21,上市,半導體業,https://www.cnyes.com/twstock/6909,45.9,-1.4,-2.96%,鉅亨
6914,阜爾運通,2024/5/3,上市,其他業,https://www.cnyes.com/twstock/6914,139,-0.5,-0.36%,鉅亨
6916,華凌,2023/12/5,上市,光電業,https://www.cnyes.com/twstock/6916,20.15,-0.05,-0.25%,鉅亨
6918,愛派司,2025/6/10,上市,生技醫療業,https://www.cnyes.com/twstock/6918,100.5,0,0.00%,鉅亨
6919,康霈*,2024/10/2,上市,生技醫療業,https://www.cnyes.com/twstock/6919,141,6.5,4.83%,鉅亨
6923,中台,2024/9/25,上市,綠能環保,https://www.cnyes.com/twstock/6923,90,1.3,1.47%,鉅亨
6928,攸泰科技,2024/5/16,上市,電腦及週邊設備業,https://www.cnyes.com/twstock/6928,56.1,5.1,10.00%,鉅亨
6931,青松健康,2025/1/15,上市,生技醫療業,https://www.cnyes.com/twstock/6931,50.4,-0.6,-1.18%,鉅亨
6933,AMAX-KY,2023/11/8,上市,電腦及週邊設備業,https://www.cnyes.com/twstock/6933,214.5,-3.5,-1.61%,鉅亨
6936,永鴻生技,2025/4/28,上市,生技醫療業,https://www.cnyes.com/twstock/6936,36.95,0.1,0.27%,鉅亨
6937,天虹,2023/12/12,上市,半導體業,https://www.cnyes.com/twstock/6937,205.5,-1.5,-0.72%,鉅亨
6944,兆聯實業,2025/5/28,上市,綠能環保,https://www.cnyes.com/twstock/6944,431,-6,-1.37%,鉅亨
6952,大武山,2024/6/13,上市,其他業,https://www.cnyes.com/twstock/6952,47.45,-0.35,-0.73%,鉅亨
6957,裕慶-KY,2024/6/25,上市,其他業,https://www.cnyes.com/twstock/6957,166,-1,-0.60%,鉅亨
6958,日盛台駿,2024/8/20,上市,其他業,https://www.cnyes.com/twstock/6958,21,0.05,0.24%,鉅亨
6962,奕力-KY,2024/11/26,上市,半導體業,https://www.cnyes.com/twstock/6962,51.7,0.4,0.78%,鉅亨
6965,中傑-KY,2025/3/7,上市,運動休閒,https://www.cnyes.com/twstock/6965,109.5,0.5,0.46%,鉅亨
6994,富威電力,2025/1/15,上市,綠能環保,https://www.cnyes.com/twstock/6994,101.5,-0.5,-0.49%,鉅亨
7705,三商餐飲,2024/11/26,上市,觀光餐旅,https://www.cnyes.com/twstock/7705,47.45,-0.1,-0.21%,鉅亨
7722,LINEPAY,2024/12/5,上市,數位雲端,https://www.cnyes.com/twstock/7722,722,-11,-1.50%,鉅亨
7732,金興精密,2025/1/14,上市,汽車工業,https://www.cnyes.com/twstock/7732,38.5,0,0.00%,鉅亨
7736,虎山,2025/3/18,上市,汽車工業,https://www.cnyes.com/twstock/7736,101.5,-1.5,-1.46%,鉅亨
7749,意騰-KY,2025/6/13,上市,半導體業,https://www.cnyes.com/twstock/7749,565,-5,-0.88%,鉅亨
8011,台通,2011/9/19,上市,通信網路業,https://www.cnyes.com/twstock/8011,20.5,-0.25,-1.20%,鉅亨
8016,矽創,2003/12/25,上市,半導體業,https://www.cnyes.com/twstock/8016,202.5,-1.5,-0.74%,鉅亨
8021,尖點,2008/1/21,上市,其他電子業,https://www.cnyes.com/twstock/8021,52.5,-0.5,-0.94%,鉅亨
8028,昇陽半導體,2018/7/10,上市,半導體業,https://www.cnyes.com/twstock/8028,132.5,-1,-0.75%,鉅亨
8033,雷虎,2007/6/21,上市,其他業,https://www.cnyes.com/twstock/8033,76.4,6.9,9.93%,鉅亨
8039,台虹,2009/12/17,上市,電子零組件業,https://www.cnyes.com/twstock/8039,47.65,0,0.00%,鉅亨
8045,達運光電,2024/12/11,上市,通信網路業,https://www.cnyes.com/twstock/8045,80.2,6,8.09%,鉅亨
8046,南電,2006/4/7,上市,電子零組件業,https://www.cnyes.com/twstock/8046,180.5,5.5,3.14%,鉅亨
8070,長華*,2007/12/31,上市,電子通路業,https://www.cnyes.com/twstock/8070,41.05,0.05,0.12%,鉅亨
8072,陞泰,2005/8/19,上市,電子通路業,https://www.cnyes.com/twstock/8072,40.2,0,0.00%,鉅亨
8081,致新,2008/12/30,上市,半導體業,https://www.cnyes.com/twstock/8081,217.5,-2,-0.91%,鉅亨
8101,華冠,2004/7/1,上市,通信網路業,https://www.cnyes.com/twstock/8101,13.85,0.15,1.09%,鉅亨
8103,瀚荃,2009/9/29,上市,電子零組件業,https://www.cnyes.com/twstock/8103,42.75,-0.05,-0.12%,鉅亨
8104,錸寶,2019/1/17,上市,光電業,https://www.cnyes.com/twstock/8104,36.9,-0.75,-1.99%,鉅亨
8105,凌巨,2006/12/27,上市,光電業,https://www.cnyes.com/twstock/8105,13.3,-0.1,-0.75%,鉅亨
8110,華東,2007/10/31,上市,半導體業,https://www.cnyes.com/twstock/8110,12.95,-0.05,-0.38%,鉅亨
8112,至上,2007/12/31,上市,電子通路業,https://www.cnyes.com/twstock/8112,43.5,-0.1,-0.23%,鉅亨
8114,振樺電,2012/11/26,上市,電腦及週邊設備業,https://www.cnyes.com/twstock/8114,251.5,1,0.40%,鉅亨
8131,福懋科,2007/11/29,上市,半導體業,https://www.cnyes.com/twstock/8131,26.55,0.05,0.19%,鉅亨
8150,南茂,2014/4/11,上市,半導體業,https://www.cnyes.com/twstock/8150,26.45,-0.55,-2.04%,鉅亨
8163,達方,2007/11/28,上市,電腦及週邊設備業,https://www.cnyes.com/twstock/8163,35.5,-0.05,-0.14%,鉅亨
8201,無敵,2007/10/29,上市,其他電子業,https://www.cnyes.com/twstock/8201,10.85,-0.2,-1.81%,鉅亨
8210,勤誠,2011/12/1,上市,電腦及週邊設備業,https://www.cnyes.com/twstock/8210,530,5,0.95%,鉅亨
8213,志超,2009/12/25,上市,電子零組件業,https://www.cnyes.com/twstock/8213,31.8,0.2,0.63%,鉅亨
8215,明基材,2010/11/12,上市,光電業,https://www.cnyes.com/twstock/8215,23.35,0.15,0.65%,鉅亨
8222,寶一,2015/1/27,上市,電機機械,https://www.cnyes.com/twstock/8222,51,2.5,5.15%,鉅亨
8249,菱光,2005/5/17,上市,電子零組件業,https://www.cnyes.com/twstock/8249,50.9,-0.6,-1.17%,鉅亨
8261,富鼎,2009/12/11,上市,半導體業,https://www.cnyes.com/twstock/8261,87.5,-0.5,-0.57%,鉅亨
8271,宇瞻,2010/12/29,上市,半導體業,https://www.cnyes.com/twstock/8271,54.2,-0.4,-0.73%,鉅亨
8341,日友,2015/3/23,上市,綠能環保,https://www.cnyes.com/twstock/8341,73.5,-0.1,-0.14%,鉅亨
8367,建新國際,2018/9/12,上市,航運業,https://www.cnyes.com/twstock/8367,46.3,-0.05,-0.11%,鉅亨
8374,羅昇,2008/12/25,上市,電機機械,https://www.cnyes.com/twstock/8374,99.3,-2.7,-2.65%,鉅亨
8404,百和興業-KY,2011/5/18,上市,其他業,https://www.cnyes.com/twstock/8404,20.1,-0.05,-0.25%,鉅亨
8411,福貞-KY,2011/11/1,上市,其他業,https://www.cnyes.com/twstock/8411,12.95,-0.25,-1.89%,鉅亨
8422,可寧衛,2011/10/5,上市,綠能環保,https://www.cnyes.com/twstock/8422,189,-1,-0.53%,鉅亨
8429,金麗-KY,2012/12/20,上市,貿易百貨業,https://www.cnyes.com/twstock/8429,7.91,0.03,0.38%,鉅亨
8438,昶昕,2022/3/11,上市,綠能環保,https://www.cnyes.com/twstock/8438,31.05,-0.55,-1.74%,鉅亨
8442,威宏-KY,2016/11/8,上市,其他業,https://www.cnyes.com/twstock/8442,70.6,-1,-1.40%,鉅亨
8443,阿瘦,2014/9/15,上市,貿易百貨業,https://www.cnyes.com/twstock/8443,11.9,0,0.00%,鉅亨
8454,富邦媒,2014/12/19,上市,數位雲端,https://www.cnyes.com/twstock/8454,282,-0.5,-0.18%,鉅亨
8462,柏文,2019/3/15,上市,運動休閒,https://www.cnyes.com/twstock/8462,145,7.5,5.45%,鉅亨
8463,潤泰材,2015/7/13,上市,其他業,https://www.cnyes.com/twstock/8463,22.9,0,0.00%,鉅亨
8464,億豐,2015/12/22,上市,居家生活,https://www.cnyes.com/twstock/8464,417.5,6,1.46%,鉅亨
8466,美吉吉-KY,2016/11/1,上市,其他業,https://www.cnyes.com/twstock/8466,27.8,0.05,0.18%,鉅亨
8467,波力-KY,2015/12/15,上市,運動休閒,https://www.cnyes.com/twstock/8467,150,-1.5,-0.99%,鉅亨
8473,山林水,2016/9/8,上市,綠能環保,https://www.cnyes.com/twstock/8473,32.6,0.6,1.88%,鉅亨
8476,台境*,2023/10/31,上市,綠能環保,https://www.cnyes.com/twstock/8476,20.5,-0.15,-0.73%,鉅亨
8478,東哥遊艇,2017/12/11,上市,運動休閒,https://www.cnyes.com/twstock/8478,204.5,-5.5,-2.62%,鉅亨
8481,政伸,2017/2/24,上市,其他業,https://www.cnyes.com/twstock/8481,44.75,-1.15,-2.51%,鉅亨
8482,商億-KY,2018/8/15,上市,居家生活,https://www.cnyes.com/twstock/8482,51.5,-1,-1.90%,鉅亨
8488,吉源-KY,2016/12/13,上市,其他業,https://www.cnyes.com/twstock/8488,11.35,0.2,1.79%,鉅亨
8499,鼎炫-KY,2017/11/24,上市,其他電子業,https://www.cnyes.com/twstock/8499,268,0,0.00%,鉅亨
8926,台汽電,2003/8/25,上市,油電燃氣業,https://www.cnyes.com/twstock/8926,44.2,-0.4,-0.90%,鉅亨
8940,新天地,2009/5/15,上市,觀光餐旅,https://www.cnyes.com/twstock/8940,21.3,0.1,0.47%,鉅亨
8996,高力,2014/2/14,上市,電機機械,https://www.cnyes.com/twstock/8996,282.5,8.5,3.10%,鉅亨
9802,鈺齊-KY,2012/10/18,上市,運動休閒,https://www.cnyes.com/twstock/9802,109,1,0.93%,鉅亨
9902,台火,1964/7/14,上市,其他業,https://www.cnyes.com/twstock/9902,16.9,-0.1,-0.59%,鉅亨
9904,寶成,1990/1/19,上市,運動休閒,https://www.cnyes.com/twstock/9904,28.85,-0.1,-0.35%,鉅亨
9905,大華,1990/8/8,上市,其他業,https://www.cnyes.com/twstock/9905,21.35,0,0.00%,鉅亨
9906,欣巴巴,1990/12/15,上市,建材營造業,https://www.cnyes.com/twstock/9906,68.9,-0.8,-1.15%,鉅亨
9907,統一實,1991/1/29,上市,其他業,https://www.cnyes.com/twstock/9907,18.55,0.3,1.64%,鉅亨
9908,大台北,1991/2/6,上市,油電燃氣業,https://www.cnyes.com/twstock/9908,31.05,-0.05,-0.16%,鉅亨
9910,豐泰,1992/2/18,上市,運動休閒,https://www.cnyes.com/twstock/9910,119.5,-1.5,-1.24%,鉅亨
9911,櫻花,1992/7/16,上市,居家生活,https://www.cnyes.com/twstock/9911,87.7,-0.9,-1.02%,鉅亨
9912,偉聯,1992/8/8,上市,電腦及週邊設備業,https://www.cnyes.com/twstock/9912,11.85,0,0.00%,鉅亨
9914,美利達,1992/9/30,上市,運動休閒,https://www.cnyes.com/twstock/9914,114,-1,-0.87%,鉅亨
9917,中保科,1993/12/8,上市,其他業,https://www.cnyes.com/twstock/9917,113,-1,-0.88%,鉅亨
9918,欣天然,1994/4/26,上市,油電燃氣業,https://www.cnyes.com/twstock/9918,39.9,0,0.00%,鉅亨
9919,康那香,1994/11/4,上市,其他業,https://www.cnyes.com/twstock/9919,17.3,0.05,0.29%,鉅亨
9921,巨大,1994/12/29,上市,運動休閒,https://www.cnyes.com/twstock/9921,117.5,-2,-1.67%,鉅亨
9924,福興,1995/3/15,上市,居家生活,https://www.cnyes.com/twstock/9924,44.65,-0.25,-0.56%,鉅亨
9925,新保,1995/12/9,上市,其他業,https://www.cnyes.com/twstock/9925,40.55,0.15,0.37%,鉅亨
9926,新海,1998/4/8,上市,油電燃氣業,https://www.cnyes.com/twstock/9926,50,-0.3,-0.60%,鉅亨
9927,泰銘,1999/3/12,上市,其他業,https://www.cnyes.com/twstock/9927,67.9,-0.1,-0.15%,鉅亨
9928,中視,1999/8/9,上市,其他業,https://www.cnyes.com/twstock/9928,16.6,-0.05,-0.30%,鉅亨
9929,秋雨,1999/6/28,上市,其他業,https://www.cnyes.com/twstock/9929,14.1,-0.65,-4.41%,鉅亨
9930,中聯資源,1999/11/22,上市,綠能環保,https://www.cnyes.com/twstock/9930,71.4,0.4,0.56%,鉅亨
9931,欣高,2000/3/21,上市,油電燃氣業,https://www.cnyes.com/twstock/9931,34.2,0,0.00%,鉅亨
9933,中鼎,1993/5/28,上市,其他業,https://www.cnyes.com/twstock/9933,28.2,-0.1,-0.35%,鉅亨
9934,成霖,2000/9/11,上市,居家生活,https://www.cnyes.com/twstock/9934,9.95,0.05,0.51%,鉅亨
9935,慶豐富,2000/9/11,上市,居家生活,https://www.cnyes.com/twstock/9935,20.8,0,0.00%,鉅亨
9937,全國,2000/9/11,上市,油電燃氣業,https://www.cnyes.com/twstock/9937,65,0.2,0.31%,鉅亨
9938,百和,2001/1/12,上市,其他業,https://www.cnyes.com/twstock/9938,53.8,-0.2,-0.37%,鉅亨
9939,宏全,2001/3/2,上市,其他業,https://www.cnyes.com/twstock/9939,151,-0.5,-0.33%,鉅亨
9940,信義,2001/9/17,上市,其他業,https://www.cnyes.com/twstock/9940,25.7,-0.1,-0.39%,鉅亨
9941,裕融,2001/9/17,上市,其他業,https://www.cnyes.com/twstock/9941,104,-1.5,-1.42%,鉅亨
9942,茂順,2002/1/28,上市,其他業,https://www.cnyes.com/twstock/9942,118,0.5,0.43%,鉅亨
9943,好樂迪,2002/8/26,上市,觀光餐旅,https://www.cnyes.com/twstock/9943,72.2,-0.1,-0.14%,鉅亨
9944,新麗,2002/8/26,上市,其他業,https://www.cnyes.com/twstock/9944,17,-0.05,-0.29%,鉅亨
9945,潤泰新,1992/4/30,上市,其他業,https://www.cnyes.com/twstock/9945,30.25,-0.5,-1.63%,鉅亨
9946,三發地產,2013/9/17,上市,建材營造業,https://www.cnyes.com/twstock/9946,19.8,0,0.00%,鉅亨
9955,佳龍,2008/1/21,上市,綠能環保,https://www.cnyes.com/twstock/9955,28.4,0.05,0.18%,鉅亨
9958,世紀鋼,2008/3/12,上市,鋼鐵工業,https://www.cnyes.com/twstock/9958,191.5,-1,-0.52%,鉅亨
1101B,台泥乙特,2019/1/29,上市,,https://www.cnyes.com/twstock/1101B,45.9,-0.15,-0.33%,鉅亨
1312A,國喬特,1988/12/21,上市,塑膠工業,https://www.cnyes.com/twstock/1312A,21.8,▲+0.15,0.69%,PChome
1522A,堤維西甲特,2021/8/10,上市,汽車工業,https://www.cnyes.com/twstock/1522A,48.1,0,0.00%,鉅亨
2002A,中鋼特,1974/12/26,上市,鋼鐵工業,https://www.cnyes.com/twstock/2002A,39.4,▲－－,－－,PChome
2348A,海悅甲特,2021/9/27,上市,其他業,https://www.cnyes.com/twstock/2348A,－－,▲－－,－－,PChome
2836A,高雄銀甲特,2021/1/15,上市,金融保險業,https://www.cnyes.com/twstock/2836A,22.55,0.55,2.50%,鉅亨
2838A,聯邦銀甲特,2017/12/1,上市,金融保險業,https://www.cnyes.com/twstock/2838A,53.8,0,0.00%,鉅亨
2881A,富邦特,2016/5/31,上市,金融保險業,https://www.cnyes.com/twstock/2881A,62.9,0,0.00%,鉅亨
2881B,富邦金乙特,2018/4/23,上市,金融保險業,https://www.cnyes.com/twstock/2881B,61.4,0,0.00%,鉅亨
2881C,富邦金丙特,2021/10/29,上市,金融保險業,https://www.cnyes.com/twstock/2881C,52.3,0.3,0.58%,鉅亨
2882A,國泰特,2017/1/17,上市,金融保險業,https://www.cnyes.com/twstock/2882A,60.8,0,0.00%,鉅亨
2882B,國泰金乙特,2018/8/8,上市,金融保險業,https://www.cnyes.com/twstock/2882B,60.2,-0.1,-0.17%,鉅亨
2883B,凱基金乙特,2021/12/30,上市,金融保險業,https://www.cnyes.com/twstock/2883B,7.46,0,0.00%,鉅亨
2887E,台新戊特,2017/2/10,上市,金融保險業,https://www.cnyes.com/twstock/2887E,48.55,-0.15,-0.31%,鉅亨
2887F,台新戊特二,2019/1/8,上市,金融保險業,https://www.cnyes.com/twstock/2887F,43.55,-0.4,-0.91%,鉅亨
2887G,台新庚特一,2025/7/24,上市,金融保險業,https://www.cnyes.com/twstock/2887G,35.75,0.15,0.42%,鉅亨
2887H,台新庚特二,2025/7/24,上市,金融保險業,https://www.cnyes.com/twstock/2887H,35.8,0.1,0.28%,鉅亨
2887I,台新辛特,2025/7/24,上市,金融保險業,https://www.cnyes.com/twstock/2887I,8.84,▼-0.16,-1.78%,PChome
2887Z1,台新己特,2022/7/26,上市,金融保險業,https://www.cnyes.com/twstock/2887Z1,15.2,▲+0.10,0.66%,PChome
2891B,中信金乙特,2018/1/26,上市,金融保險業,https://www.cnyes.com/twstock/2891B,62.6,0.2,0.32%,鉅亨
2891C,中信金丙特,2019/5/6,上市,金融保險業,https://www.cnyes.com/twstock/2891C,59.6,0,0.00%,鉅亨
2897B,王道銀乙特,2024/9/30,上市,金融保險業,https://www.cnyes.com/twstock/2897B,11.9,▲－－,－－,PChome
3036A,文曄甲特,2020/10/20,上市,,https://www.cnyes.com/twstock/3036A,50.3,0,0.00%,鉅亨
5871A,中租-KY甲特,2020/9/10,上市,其他業,https://www.cnyes.com/twstock/5871A,102.5,0,0.00%,鉅亨
6592A,和潤企業甲特,2022/9/26,上市,其他業,https://www.cnyes.com/twstock/6592A,95.2,▼-0.20,-0.21%,PChome
6592B,和潤企業乙特,2023/9/1,上市,,https://www.cnyes.com/twstock/6592B,96.3,▼-0.10,-0.10%,PChome
8112A,至上甲特,2022/3/7,上市,電子通路業,https://www.cnyes.com/twstock/8112A,42.65,▲－－,－－,PChome
9941A,裕融甲特,2018/11/26,上市,其他業,https://www.cnyes.com/twstock/9941A,51.8,▼-0.30,-0.58%,PChome
2254,巨鎧精密-創,2023/10/20,上市臺灣創新板,汽車工業,https://www.cnyes.com/twstock/2254,63.1,-0.1,-0.16%,鉅亨
2258,鴻華先進-創,2023/11/20,上市臺灣創新板,汽車工業,https://www.cnyes.com/twstock/2258,40.7,0.2,0.49%,鉅亨
2432,倚天酷碁-創,2023/5/31,上市臺灣創新板,電腦及週邊設備業,https://www.cnyes.com/twstock/2432,28.2,0.05,0.18%,鉅亨
3150,鈺寶-創,2024/6/27,上市臺灣創新板,半導體業,https://www.cnyes.com/twstock/3150,22.2,-0.55,-2.42%,鉅亨
6423,億而得-創,2024/5/15,上市臺灣創新板,半導體業,https://www.cnyes.com/twstock/6423,92,0.8,0.88%,鉅亨
6534,正瀚-創,2023/12/21,上市臺灣創新板,生技醫療業,https://www.cnyes.com/twstock/6534,89.1,8.1,10.00%,鉅亨
6645,金萬林-創,2023/12/21,上市臺灣創新板,生技醫療業,https://www.cnyes.com/twstock/6645,17.05,0.55,3.33%,鉅亨
6771,平和環保-創,2024/5/17,上市臺灣創新板,綠能環保,https://www.cnyes.com/twstock/6771,55.6,-0.6,-1.07%,鉅亨
6794,向榮生技-創,2024/5/21,上市臺灣創新板,生技醫療業,https://www.cnyes.com/twstock/6794,62.9,0.3,0.48%,鉅亨
6854,錼創科技-KY創,2022/8/18,上市臺灣創新板,半導體業,https://www.cnyes.com/twstock/6854,152,-1.5,-0.98%,鉅亨
6924,榮惠-KY創,2024/12/3,上市臺灣創新板,電子零組件業,https://www.cnyes.com/twstock/6924,69.9,-1.1,-1.55%,鉅亨
6949,沛爾生醫-創,2024/3/8,上市臺灣創新板,生技醫療業,https://www.cnyes.com/twstock/6949,169,-1,-0.59%,鉅亨
6951,青新-創,2024/6/18,上市臺灣創新板,綠能環保,https://www.cnyes.com/twstock/6951,75.9,1.6,2.15%,鉅亨
6955,邦睿生技-創,2024/12/6,上市臺灣創新板,生技醫療業,https://www.cnyes.com/twstock/6955,187,-0.5,-0.27%,鉅亨
6969,成信實業*-創,2024/9/9,上市臺灣創新板,綠能環保,https://www.cnyes.com/twstock/6969,48.8,0.5,1.04%,鉅亨
6988,威力暘-創,2024/10/23,上市臺灣創新板,汽車工業,https://www.cnyes.com/twstock/6988,17.7,0.2,1.14%,鉅亨
7631,聚賢研發-創,2025/3/13,上市臺灣創新板,其他電子業,https://www.cnyes.com/twstock/7631,125,7.5,6.38%,鉅亨
7740,熙特爾-創,2025/6/16,上市臺灣創新板,綠能環保,https://www.cnyes.com/twstock/7740,224,-5,-2.18%,鉅亨
8162,微矽電子-創,2024/3/7,上市臺灣創新板,半導體業,https://www.cnyes.com/twstock/8162,36.3,0,0.00%,鉅亨
8487,愛爾達-創,2024/3/26,上市臺灣創新板,數位雲端,https://www.cnyes.com/twstock/8487,80.3,0.3,0.38%,鉅亨
0050,元大台灣50,2003/6/30,上市,,https://www.cnyes.com/twstock/0050,50.9,-0.1,-0.20%,鉅亨
0051,元大中型100,2006/8/31,上市,,https://www.cnyes.com/twstock/0051,77.6,0.1,0.13%,鉅亨
0052,富邦科技,2006/9/12,上市,,https://www.cnyes.com/twstock/0052,200.15,-0.25,-0.12%,鉅亨
0053,元大電子,2007/7/16,上市,,https://www.cnyes.com/twstock/0053,109.15,0.5,0.46%,鉅亨
0055,元大MSCI金融,2007/7/16,上市,,https://www.cnyes.com/twstock/0055,29.47,-0.04,-0.14%,鉅亨
0056,元大高股息,2007/12/26,上市,,https://www.cnyes.com/twstock/0056,34.87,0.02,0.06%,鉅亨
0057,富邦摩台,2008/2/27,上市,,https://www.cnyes.com/twstock/0057,150.75,-0.15,-0.10%,鉅亨
0061,元大寶滬深,2009/8/17,上市,,https://www.cnyes.com/twstock/0061,18.85,-0.01,-0.05%,鉅亨
006203,元大MSCI台灣,2011/5/12,上市,,https://www.cnyes.com/twstock/006203,93.55,0.15,0.16%,鉅亨
006204,永豐臺灣加權,2011/9/28,上市,,https://www.cnyes.com/twstock/006204,119.95,0.25,0.21%,鉅亨
006205,富邦上証,2011/9/26,上市,,https://www.cnyes.com/twstock/006205,32.49,-0.05,-0.15%,鉅亨
006206,元大上證50,2012/5/11,上市,,https://www.cnyes.com/twstock/006206,30.92,-0.05,-0.16%,鉅亨
006207,復華滬深,2012/6/22,上市,,https://www.cnyes.com/twstock/006207,24.73,0.01,0.04%,鉅亨
006208,富邦台50,2012/7/17,上市,,https://www.cnyes.com/twstock/006208,118.9,-0.25,-0.21%,鉅亨
00625K,富邦上証+R,2016/8/8,上市,,https://www.cnyes.com/twstock/00625K,-,-,(-),CMoney
00631L,元大台灣50正2,2014/10/31,上市,,https://www.cnyes.com/twstock/00631L,238.2,-1.45,-0.61%,鉅亨
00632R,元大台灣50反1,2014/10/31,上市,,https://www.cnyes.com/twstock/00632R,20.75,0.05,0.24%,鉅亨
00633L,富邦上証正2,2014/11/25,上市,,https://www.cnyes.com/twstock/00633L,40.73,-0.47,-1.14%,鉅亨
00634R,富邦上証反1,2014/11/25,上市,,https://www.cnyes.com/twstock/00634R,3.56,0.03,0.85%,鉅亨
00635U,期元大S&P黃金,2015/4/15,上市,,https://www.cnyes.com/twstock/00635U,36.66,-0.2,-0.54%,鉅亨
00636,國泰中國A50,2015/4/1,上市,,https://www.cnyes.com/twstock/00636,22.4,-0.09,-0.40%,鉅亨
00636K,國泰中國A50+U,2017/10/24,上市,,https://www.cnyes.com/twstock/00636K,7.65,-0.07,-0.91%,鉅亨
00637L,元大滬深300正2,2015/5/18,上市,,https://www.cnyes.com/twstock/00637L,16.24,-0.17,-1.04%,鉅亨
00638R,元大滬深300反1,2015/5/18,上市,,https://www.cnyes.com/twstock/00638R,7.38,0.05,0.68%,鉅亨
00639,富邦深100,2015/6/9,上市,,https://www.cnyes.com/twstock/00639,11.54,-0.02,-0.17%,鉅亨
00640L,富邦日本正2,2015/9/10,上市,,https://www.cnyes.com/twstock/00640L,58.05,-1,-1.69%,鉅亨
00641R,富邦日本反1,2015/9/10,上市,,https://www.cnyes.com/twstock/00641R,5.41,0.04,0.74%,鉅亨
00642U,期元大S&P石油,2015/9/7,上市,,https://www.cnyes.com/twstock/00642U,16.59,0.18,1.10%,鉅亨
00643,群益深証中小,2015/12/2,上市,,https://www.cnyes.com/twstock/00643,13.05,0.09,0.69%,鉅亨
00643K,群益深証中小+R,2016/8/26,上市,,https://www.cnyes.com/twstock/00643K,-,-,(-),CMoney
00645,富邦日本,2015/11/6,上市,,https://www.cnyes.com/twstock/00645,40.87,-0.39,-0.95%,鉅亨
00646,元大S&P500,2015/12/14,上市,,https://www.cnyes.com/twstock/00646,58.65,0.35,0.60%,鉅亨
00647L,元大S&P500正2,2015/12/14,上市,,https://www.cnyes.com/twstock/00647L,100.55,0.75,0.75%,鉅亨
00648R,元大S&P500反1,2015/12/14,上市,,https://www.cnyes.com/twstock/00648R,4.58,-0.02,-0.43%,鉅亨
00650L,復華香港正2,2016/1/27,上市,,https://www.cnyes.com/twstock/00650L,16.61,-0.29,-1.72%,鉅亨
00651R,復華香港反1,2016/1/27,上市,,https://www.cnyes.com/twstock/00651R,5.43,0.05,0.93%,鉅亨
00652,富邦印度,2016/3/29,上市,,https://www.cnyes.com/twstock/00652,35.41,-0.34,-0.95%,鉅亨
00653L,富邦印度正2,2016/3/29,上市,,https://www.cnyes.com/twstock/00653L,55.25,-1.2,-2.13%,鉅亨
00654R,富邦印度反1,2016/3/29,上市,,https://www.cnyes.com/twstock/00654R,6.32,0.09,1.44%,鉅亨
00655L,國泰中國A50正2,2016/3/18,上市,,https://www.cnyes.com/twstock/00655L,28.26,-0.37,-1.29%,鉅亨
00656R,國泰中國A50反1,2016/3/18,上市,,https://www.cnyes.com/twstock/00656R,6.54,0.05,0.77%,鉅亨
00657,國泰日經225,2016/5/9,上市,,https://www.cnyes.com/twstock/00657,48.5,-0.41,-0.84%,鉅亨
00657K,國泰日經225+U,2017/10/24,上市,,https://www.cnyes.com/twstock/00657K,16.62,-0.21,-1.25%,鉅亨
00660,元大歐洲50,2016/7/15,上市,,https://www.cnyes.com/twstock/00660,39.39,-0.44,-1.10%,鉅亨
00661,元大日經225,2016/7/15,上市,,https://www.cnyes.com/twstock/00661,52.9,-0.55,-1.03%,鉅亨
00662,富邦NASDAQ,2016/6/24,上市,,https://www.cnyes.com/twstock/00662,87.95,0.5,0.57%,鉅亨
00663L,國泰臺灣加權正2,2016/7/14,上市,,https://www.cnyes.com/twstock/00663L,31.23,-0.11,-0.35%,鉅亨
00664R,國泰臺灣加權反1,2016/7/14,上市,,https://www.cnyes.com/twstock/00664R,3.35,0,0.00%,鉅亨
00665L,富邦恒生國企正2,2016/8/5,上市,,https://www.cnyes.com/twstock/00665L,11.17,-0.28,-2.45%,鉅亨
00666R,富邦恒生國企反1,2016/8/5,上市,,https://www.cnyes.com/twstock/00666R,8.7,0.14,1.64%,鉅亨
00668,國泰美國道瓊,2016/10/17,上市,,https://www.cnyes.com/twstock/00668,48.08,0.11,0.23%,鉅亨
00668K,國泰美國道瓊+U,2017/10/24,上市,,https://www.cnyes.com/twstock/00668K,16.31,-0.12,-0.73%,鉅亨
00669R,國泰美國道瓊反1,2016/10/17,上市,,https://www.cnyes.com/twstock/00669R,5.95,0.02,0.34%,鉅亨
00670L,富邦NASDAQ正2,2017/2/21,上市,,https://www.cnyes.com/twstock/00670L,143.25,0.35,0.24%,鉅亨
00671R,富邦NASDAQ反1,2017/2/21,上市,,https://www.cnyes.com/twstock/00671R,3.11,0,0.00%,鉅亨
00673R,期元大S&P原油反1,2016/10/7,上市,,https://www.cnyes.com/twstock/00673R,6.46,-0.06,-0.92%,鉅亨
00674R,期元大S&P黃金反1,2016/10/7,上市,,https://www.cnyes.com/twstock/00674R,7.52,0.07,0.94%,鉅亨
00675L,富邦臺灣加權正2,2016/10/5,上市,,https://www.cnyes.com/twstock/00675L,94.75,-0.5,-0.52%,鉅亨
00676R,富邦臺灣加權反1,2016/10/5,上市,,https://www.cnyes.com/twstock/00676R,11.4,0.04,0.35%,鉅亨
00678,群益那斯達克生技,2017/1/9,上市,,https://www.cnyes.com/twstock/00678,26.16,0.14,0.54%,鉅亨
00680L,元大美債20正2,2017/1/17,上市,,https://www.cnyes.com/twstock/00680L,6.9,0.07,1.02%,鉅亨
00681R,元大美債20反1,2017/1/17,上市,,https://www.cnyes.com/twstock/00681R,21.13,-0.03,-0.14%,鉅亨
00682U,期元大美元指數,2017/3/14,上市,,https://www.cnyes.com/twstock/00682U,19.8,-0.06,-0.30%,鉅亨
00683L,期元大美元指正2,2017/3/14,上市,,https://www.cnyes.com/twstock/00683L,20.1,0.12,0.60%,鉅亨
00684R,期元大美元指反1,2017/3/14,上市,,https://www.cnyes.com/twstock/00684R,15.9,-0.06,-0.38%,鉅亨
00685L,群益臺灣加權正2,2017/3/30,上市,,https://www.cnyes.com/twstock/00685L,85.05,-0.35,-0.41%,鉅亨
00686R,群益臺灣加權反1,2017/3/30,上市,,https://www.cnyes.com/twstock/00686R,2.05,0.01,0.49%,鉅亨
00688L,國泰20年美債正2,2017/4/13,上市,,https://www.cnyes.com/twstock/00688L,6.87,0.05,0.73%,鉅亨
00689R,國泰20年美債反1,2017/4/13,上市,,https://www.cnyes.com/twstock/00689R,21.57,-0.07,-0.32%,鉅亨
00690,兆豐藍籌30,2017/3/31,上市,,https://www.cnyes.com/twstock/00690,36.59,-0.05,-0.14%,鉅亨
00692,富邦公司治理,2017/5/17,上市,,https://www.cnyes.com/twstock/00692,46.2,-0.15,-0.32%,鉅亨
00693U,期街口S&P黃豆,2017/4/25,上市,,https://www.cnyes.com/twstock/00693U,19.88,0.06,0.30%,鉅亨
00700,富邦恒生國企,2017/7/21,上市,,https://www.cnyes.com/twstock/00700,17.56,-0.17,-0.96%,鉅亨
00701,國泰股利精選30,2017/8/17,上市,,https://www.cnyes.com/twstock/00701,28.9,-0.09,-0.31%,鉅亨
00702,國泰標普低波高息,2017/8/17,上市,,https://www.cnyes.com/twstock/00702,21.91,0.16,0.74%,鉅亨
00703,台新MSCI中國,2017/8/10,上市,,https://www.cnyes.com/twstock/00703,19.72,-0.14,-0.70%,鉅亨
00706L,期元大S&P日圓正2,2017/9/1,上市,,https://www.cnyes.com/twstock/00706L,6,-0.08,-1.32%,鉅亨
00707R,期元大S&P日圓反1,2017/9/1,上市,,https://www.cnyes.com/twstock/00707R,28.75,0.35,1.23%,鉅亨
00708L,期元大S&P黃金正2,2017/9/1,上市,,https://www.cnyes.com/twstock/00708L,57.55,-0.65,-1.12%,鉅亨
00709,富邦歐洲,2017/8/15,上市,,https://www.cnyes.com/twstock/00709,32.07,-0.15,-0.47%,鉅亨
00710B,復華彭博非投等債,2017/8/21,上市,,https://www.cnyes.com/twstock/00710B,18.02,0.15,0.84%,鉅亨
00711B,復華彭博新興債,2017/8/21,上市,,https://www.cnyes.com/twstock/00711B,14.74,0.15,1.03%,鉅亨
00712,復華富時不動產,2017/8/21,上市,,https://www.cnyes.com/twstock/00712,8.57,0.05,0.59%,鉅亨
00713,元大台灣高息低波,2017/9/27,上市,,https://www.cnyes.com/twstock/00713,51.1,0,0.00%,鉅亨
00714,群益道瓊美國地產,2017/10/27,上市,,https://www.cnyes.com/twstock/00714,19.52,0.06,0.31%,鉅亨
00715L,期街口S&P布蘭特油正2,2017/11/16,上市,,https://www.cnyes.com/twstock/00715L,11.47,0.18,1.59%,鉅亨
00717,富邦美國特別股,2017/11/29,上市,,https://www.cnyes.com/twstock/00717,14.04,0.08,0.57%,鉅亨
00728,第一金工業30,2018/4/18,上市,,https://www.cnyes.com/twstock/00728,31.25,-0.05,-0.16%,鉅亨
00730,富邦臺灣優質高息,2018/2/8,上市,,https://www.cnyes.com/twstock/00730,23.03,0.06,0.26%,鉅亨
00731,復華富時高息低波,2018/4/20,上市,,https://www.cnyes.com/twstock/00731,67.55,-0.15,-0.22%,鉅亨
00733,富邦臺灣中小,2018/5/17,上市,,https://www.cnyes.com/twstock/00733,40,0.21,0.53%,鉅亨
00735,國泰臺韓科技,2018/6/11,上市,,https://www.cnyes.com/twstock/00735,35.51,-0.04,-0.11%,鉅亨
00736,國泰新興市場,2018/6/11,上市,,https://www.cnyes.com/twstock/00736,24.05,-0.13,-0.54%,鉅亨
00737,國泰AI機器人,2018/6/11,上市,,https://www.cnyes.com/twstock/00737,32.81,-0.04,-0.12%,鉅亨
00738U,期元大道瓊白銀,2018/6/1,上市,,https://www.cnyes.com/twstock/00738U,32.84,0.01,0.03%,鉅亨
00739,元大MSCI A股,2018/6/27,上市,,https://www.cnyes.com/twstock/00739,22.23,0.04,0.18%,鉅亨
00752,中信中國50,2018/10/31,上市,,https://www.cnyes.com/twstock/00752,24.02,-0.21,-0.87%,鉅亨
00753L,中信中國50正2,2018/10/31,上市,,https://www.cnyes.com/twstock/00753L,11.21,-0.25,-2.18%,鉅亨
00757,統一FANG+,2018/12/6,上市,,https://www.cnyes.com/twstock/00757,105.7,0.5,0.48%,鉅亨
00762,元大全球AI,2019/1/23,上市,,https://www.cnyes.com/twstock/00762,71.25,0.15,0.21%,鉅亨
00763U,期街口道瓊銅,2018/12/19,上市,,https://www.cnyes.com/twstock/00763U,32.36,-0.38,-1.16%,鉅亨
00770,國泰北美科技,2019/1/29,上市,,https://www.cnyes.com/twstock/00770,47.41,0.17,0.36%,鉅亨
00771,元大US高息特別股,2019/5/16,上市,,https://www.cnyes.com/twstock/00771,15.25,0.11,0.73%,鉅亨
00775B,新光投等債15+,2019/2/15,上市,,https://www.cnyes.com/twstock/00775B,29.95,0.18,0.60%,鉅亨
00783,富邦中証500,2019/3/27,上市,,https://www.cnyes.com/twstock/00783,19.81,0.13,0.66%,鉅亨
00830,國泰費城半導體,2019/5/3,上市,,https://www.cnyes.com/twstock/00830,42.8,-0.04,-0.09%,鉅亨
00850,元大臺灣ESG永續,2019/8/23,上市,,https://www.cnyes.com/twstock/00850,45.92,-0.08,-0.17%,鉅亨
00851,台新全球AI,2019/8/12,上市,,https://www.cnyes.com/twstock/00851,49.33,0.34,0.69%,鉅亨
00852L,國泰美國道瓊正2,2019/8/22,上市,,https://www.cnyes.com/twstock/00852L,26.03,-0.02,-0.08%,鉅亨
00861,元大全球未來通訊,2019/11/19,上市,,https://www.cnyes.com/twstock/00861,44.03,0.22,0.50%,鉅亨
00865B,國泰US短期公債,2019/11/25,上市,,https://www.cnyes.com/twstock/00865B,43.36,0.15,0.35%,鉅亨
00875,國泰網路資安,2020/3/30,上市,,https://www.cnyes.com/twstock/00875,37.19,0.09,0.24%,鉅亨
00876,元大全球5G,2020/7/7,上市,,https://www.cnyes.com/twstock/00876,37.71,-0.18,-0.48%,鉅亨
00878,國泰永續高股息,2020/7/20,上市,,https://www.cnyes.com/twstock/00878,21.21,-0.02,-0.09%,鉅亨
00881,國泰台灣科技龍頭,2020/12/10,上市,,https://www.cnyes.com/twstock/00881,25.48,-0.02,-0.08%,鉅亨
00882,中信中國高股息,2021/2/4,上市,,https://www.cnyes.com/twstock/00882,13.67,0.13,0.96%,鉅亨
00885,富邦越南,2021/4/19,上市,,https://www.cnyes.com/twstock/00885,13.99,0.12,0.87%,鉅亨
00891,中信關鍵半導體,2021/5/28,上市,,https://www.cnyes.com/twstock/00891,17.75,-0.06,-0.34%,鉅亨
00892,富邦台灣半導體,2021/6/10,上市,,https://www.cnyes.com/twstock/00892,17.42,-0.02,-0.11%,鉅亨
00893,國泰智能電動車,2021/7/1,上市,,https://www.cnyes.com/twstock/00893,25.53,0.08,0.31%,鉅亨
00894,中信小資高價30,2021/8/13,上市,,https://www.cnyes.com/twstock/00894,21.04,-0.01,-0.05%,鉅亨
00895,富邦未來車,2021/8/12,上市,,https://www.cnyes.com/twstock/00895,31.74,-0.04,-0.13%,鉅亨
00896,中信綠能及電動車,2021/9/16,上市,,https://www.cnyes.com/twstock/00896,16.28,-0.03,-0.18%,鉅亨
00897,富邦基因免疫生技,2021/10/4,上市,,https://www.cnyes.com/twstock/00897,6.96,-0.03,-0.43%,鉅亨
00898,國泰基因免疫革命,2021/11/22,上市,,https://www.cnyes.com/twstock/00898,6.66,-0.05,-0.75%,鉅亨
00899,FT潔淨能源,2022/1/21,上市,,https://www.cnyes.com/twstock/00899,15.56,0.04,0.26%,鉅亨
00900,富邦特選高股息30,2021/12/22,上市,,https://www.cnyes.com/twstock/00900,13.16,0.02,0.15%,鉅亨
00901,永豐智能車供應鏈,2021/12/15,上市,,https://www.cnyes.com/twstock/00901,21.35,0.01,0.05%,鉅亨
00902,中信電池及儲能,2022/1/25,上市,,https://www.cnyes.com/twstock/00902,8.86,0.06,0.68%,鉅亨
00903,富邦元宇宙,2022/1/24,上市,,https://www.cnyes.com/twstock/00903,15.44,0.05,0.32%,鉅亨
00904,新光臺灣半導體30,2022/3/7,上市,,https://www.cnyes.com/twstock/00904,18,-0.07,-0.39%,鉅亨
00905,FT臺灣SMART,2022/4/21,上市,,https://www.cnyes.com/twstock/00905,14.22,-0.02,-0.14%,鉅亨
00907,永豐優息存股,2022/5/24,上市,,https://www.cnyes.com/twstock/00907,15.08,-0.01,-0.07%,鉅亨
00908,富邦入息REITs+,2022/5/20,上市,,https://www.cnyes.com/twstock/00908,12.62,0,0.00%,鉅亨
00909,國泰數位支付服務,2022/7/13,上市,,https://www.cnyes.com/twstock/00909,36.08,-0.08,-0.22%,鉅亨
00910,第一金太空衛星,2022/7/20,上市,,https://www.cnyes.com/twstock/00910,34.11,-0.22,-0.64%,鉅亨
00911,兆豐洲際半導體,2022/6/27,上市,,https://www.cnyes.com/twstock/00911,24.86,-0.04,-0.16%,鉅亨
00912,中信臺灣智慧50,2022/6/29,上市,,https://www.cnyes.com/twstock/00912,18.8,0,0.00%,鉅亨
00913,兆豐台灣晶圓製造,2022/8/8,上市,,https://www.cnyes.com/twstock/00913,20.39,-0.01,-0.05%,鉅亨
00915,凱基優選高股息30,2022/8/9,上市,,https://www.cnyes.com/twstock/00915,22.53,-0.03,-0.13%,鉅亨
00916,國泰全球品牌50,2022/9/26,上市,,https://www.cnyes.com/twstock/00916,23.63,0.13,0.55%,鉅亨
00917,中信特選金融,2022/8/26,上市,,https://www.cnyes.com/twstock/00917,22.49,0.28,1.26%,鉅亨
00918,大華優利高填息30,2022/11/24,上市,,https://www.cnyes.com/twstock/00918,21.93,-0.01,-0.05%,鉅亨
00919,群益台灣精選高息,2022/10/20,上市,,https://www.cnyes.com/twstock/00919,21.7,0,0.00%,鉅亨
00920,富邦ESG綠色電力,2022/10/20,上市,,https://www.cnyes.com/twstock/00920,13.83,-0.02,-0.14%,鉅亨
00921,兆豐龍頭等權重,2023/1/13,上市,,https://www.cnyes.com/twstock/00921,17.25,0.04,0.23%,鉅亨
00922,國泰台灣領袖50,2023/3/27,上市,,https://www.cnyes.com/twstock/00922,21.79,-0.02,-0.09%,鉅亨
00923,群益台ESG低碳50,2023/3/8,上市,,https://www.cnyes.com/twstock/00923,22.15,-0.05,-0.23%,鉅亨
00924,復華S&P500成長,2023/4/26,上市,,https://www.cnyes.com/twstock/00924,25.03,0.14,0.56%,鉅亨
00926,凱基全球菁英55,2023/6/2,上市,,https://www.cnyes.com/twstock/00926,20.92,0.17,0.82%,鉅亨
00927,群益半導體收益,2023/6/6,上市,,https://www.cnyes.com/twstock/00927,17.79,-0.08,-0.45%,鉅亨
00929,復華台灣科技優息,2023/6/9,上市,,https://www.cnyes.com/twstock/00929,17.81,0.02,0.11%,鉅亨
00930,永豐ESG低碳高息,2023/7/13,上市,,https://www.cnyes.com/twstock/00930,17.23,-0.07,-0.40%,鉅亨
00932,兆豐永續高息等權,2023/9/1,上市,,https://www.cnyes.com/twstock/00932,14.4,-0.03,-0.21%,鉅亨
00934,中信成長高股息,2023/11/1,上市,,https://www.cnyes.com/twstock/00934,18.86,0.05,0.27%,鉅亨
00935,野村臺灣新科技50,2023/11/1,上市,,https://www.cnyes.com/twstock/00935,23.07,-0.03,-0.13%,鉅亨
00936,台新永續高息中小,2023/11/8,上市,,https://www.cnyes.com/twstock/00936,15.13,0,0.00%,鉅亨
00938,凱基優選30,2024/10/23,上市,,https://www.cnyes.com/twstock/00938,14.9,-0.03,-0.20%,鉅亨
00939,統一台灣高息動能,2024/3/20,上市,,https://www.cnyes.com/twstock/00939,13.89,-0.01,-0.07%,鉅亨
00940,元大台灣價值高息,2024/4/1,上市,,https://www.cnyes.com/twstock/00940,9.22,0.01,0.11%,鉅亨
00941,中信上游半導體,2024/3/15,上市,,https://www.cnyes.com/twstock/00941,13.63,-0.07,-0.51%,鉅亨
00943,兆豐電子高息等權,2024/5/20,上市,,https://www.cnyes.com/twstock/00943,14.13,-0.06,-0.42%,鉅亨
00944,野村趨勢動能高息,2024/5/9,上市,,https://www.cnyes.com/twstock/00944,14.26,0.03,0.21%,鉅亨
00945B,凱基美國非投等債,2024/5/2,上市,,https://www.cnyes.com/twstock/00945B,13.54,0.05,0.37%,鉅亨
00946,群益科技高息成長,2024/5/9,上市,,https://www.cnyes.com/twstock/00946,9.52,0.03,0.32%,鉅亨
00947,台新臺灣IC設計,2024/6/12,上市,,https://www.cnyes.com/twstock/00947,13.65,-0.04,-0.29%,鉅亨
00949,復華日本龍頭,2024/7/1,上市,,https://www.cnyes.com/twstock/00949,15.84,-0.29,-1.80%,鉅亨
00951,台新日本半導體,2024/7/25,上市,,https://www.cnyes.com/twstock/00951,8.69,-0.05,-0.57%,鉅亨
00952,凱基台灣AI50,2024/9/5,上市,,https://www.cnyes.com/twstock/00952,9.76,-0.01,-0.10%,鉅亨
00953B,群益優選非投等債,2024/8/21,上市,,https://www.cnyes.com/twstock/00953B,9.16,0.05,0.55%,鉅亨
00954,中信日本半導體,2024/8/20,上市,,https://www.cnyes.com/twstock/00954,9.13,-0.06,-0.65%,鉅亨
00956,中信日經高股息,2024/8/20,上市,,https://www.cnyes.com/twstock/00956,9.46,-0.14,-1.46%,鉅亨
00960,野村全球航運龍頭,2024/9/20,上市,,https://www.cnyes.com/twstock/00960,13.9,0.06,0.43%,鉅亨
00961,FT臺灣永續高息,2024/10/15,上市,,https://www.cnyes.com/twstock/00961,9.34,0.02,0.21%,鉅亨
00962,台新AI優息動能,2024/12/6,上市,,https://www.cnyes.com/twstock/00962,9.62,-0.02,-0.21%,鉅亨
00963,中信全球高股息,2024/11/14,上市,,https://www.cnyes.com/twstock/00963,10.2,-0.01,-0.10%,鉅亨
00964,中信亞太高股息,2024/11/14,上市,,https://www.cnyes.com/twstock/00964,10.7,-0.01,-0.09%,鉅亨
00965,元大航太防衛科技,2024/11/26,上市,,https://www.cnyes.com/twstock/00965,20.1,0.19,0.95%,鉅亨
00971,野村美國研發龍頭,2025/1/9,上市,,https://www.cnyes.com/twstock/00971,14.58,0.1,0.69%,鉅亨
00972,野村日本動能高息,2025/1/9,上市,,https://www.cnyes.com/twstock/00972,15.15,-0.21,-1.37%,鉅亨
009800,中信NASDAQ,2025/2/11,上市,,https://www.cnyes.com/twstock/009800,9.52,0.05,0.53%,鉅亨
009801,中信美國創新科技,2025/2/11,上市,,https://www.cnyes.com/twstock/009801,9.76,0.07,0.72%,鉅亨
009802,富邦旗艦50,2025/3/19,上市,,https://www.cnyes.com/twstock/009802,10.14,-0.02,-0.20%,鉅亨
009803,保德信市值動能50,2025/3/13,上市,,https://www.cnyes.com/twstock/009803,10.87,-0.02,-0.18%,鉅亨
009804,聯邦台精彩50,2025/4/16,上市,,https://www.cnyes.com/twstock/009804,11.87,-0.01,-0.08%,鉅亨
009805,新光美國電力基建,2025/5/13,上市,,https://www.cnyes.com/twstock/009805,11.17,0.11,0.99%,鉅亨
009808,華南永昌優選50,2025/5/16,上市,,https://www.cnyes.com/twstock/009808,16.35,-0.03,-0.18%,鉅亨
00980A,主動野村臺灣優選,2025/5/5,上市,,https://www.cnyes.com/twstock/00980A,11.77,-0.01,-0.08%,鉅亨
009810,保德信全球藍籌,2025/7/16,上市,,https://www.cnyes.com/twstock/009810,15.44,0.15,0.98%,鉅亨
009811,統一美國50,2025/7/29,上市,,https://www.cnyes.com/twstock/009811,-,-,(-),CMoney
00981A,主動統一台股增長,2025/5/27,上市,,https://www.cnyes.com/twstock/00981A,11.66,-0.03,-0.26%,鉅亨
00982A,主動群益台灣強棒,2025/5/22,上市,,https://www.cnyes.com/twstock/00982A,11.38,-0.01,-0.09%,鉅亨
00983A,主動中信ARK創新,2025/6/18,上市,,https://www.cnyes.com/twstock/00983A,10.94,-0.07,-0.64%,鉅亨
00984A,主動安聯台灣高息,2025/7/14,上市,,https://www.cnyes.com/twstock/00984A,10.11,0.01,0.10%,鉅亨
00985A,主動野村台灣50,2025/7/21,上市,,https://www.cnyes.com/twstock/00985A,10.01,-0.05,-0.50%,鉅亨
020000,富邦特選蘋果N,2019/4/30,上市,,https://www.cnyes.com/twstock/020000,12.58,0.01,0.08%,鉅亨
020011,統一微波高息20N,2019/12/3,上市,,https://www.cnyes.com/twstock/020011,－－,▲－－,－－,PChome
020012,富邦行動通訊N,2019/12/20,上市,,https://www.cnyes.com/twstock/020012,11.5,0.2,1.77%,鉅亨
020018,統一價值成長30N,2020/7/30,上市,,https://www.cnyes.com/twstock/020018,24.94,-0.01,-0.04%,鉅亨
020019,統一特選台灣5GN,2020/7/30,上市,,https://www.cnyes.com/twstock/020019,21.59,-0.09,-0.42%,鉅亨
02001L,富邦蘋果正二N,2020/4/16,上市,,https://www.cnyes.com/twstock/02001L,26.69,0.59,2.26%,鉅亨
02001R,富邦蘋果反一N,2020/4/16,上市,,https://www.cnyes.com/twstock/02001R,1.25,-0.01,-0.79%,鉅亨
02001S,策元大加權策略N,2022/12/5,上市,,https://www.cnyes.com/twstock/02001S,－－,▲－－,－－,PChome
020020,元大台股領航N,2020/11/2,上市,,https://www.cnyes.com/twstock/020020,12.77,-0.03,-0.23%,鉅亨
020028,元大特選電動車N,2021/9/27,上市,,https://www.cnyes.com/twstock/020028,9.47,0,0.00%,鉅亨
020029,元大ESG高股息N,2021/11/1,上市,,https://www.cnyes.com/twstock/020029,9.61,0.02,0.21%,鉅亨
020030,統一智慧電動車N,2021/11/26,上市,,https://www.cnyes.com/twstock/020030,6.72,-0.03,-0.44%,鉅亨
020031,統一IC設計臺灣N,2022/3/31,上市,,https://www.cnyes.com/twstock/020031,6.22,0.01,0.16%,鉅亨
020032,元大綠能N,2022/4/25,上市,,https://www.cnyes.com/twstock/020032,5.9,0,0.00%,鉅亨
020034,元大IC設計N,2022/6/1,上市,,https://www.cnyes.com/twstock/020034,7.73,0,0.00%,鉅亨
020036,元大金融配息N,2023/4/17,上市,,https://www.cnyes.com/twstock/020036,－－,▲－－,－－,PChome
020037,元大金融高股息N,2023/4/17,上市,,https://www.cnyes.com/twstock/020037,7.45,-0.01,-0.13%,鉅亨
020038,元大ESG配息N,2023/7/3,上市,,https://www.cnyes.com/twstock/020038,7.95,0.02,0.25%,鉅亨
020039,元大加權N,2023/10/16,上市,,https://www.cnyes.com/twstock/020039,7.3,-0.02,-0.27%,鉅亨
9103,美德醫療-DR,2002/12/13,上市,,https://www.cnyes.com/twstock/9103,4.99,0,0.00%,鉅亨
910322,康師傅-DR,2009/12/16,上市,,https://www.cnyes.com/twstock/910322,22.3,0.15,0.68%,鉅亨
9105,泰金寶-DR,2003/9/22,上市,,https://www.cnyes.com/twstock/9105,6.06,-0.04,-0.66%,鉅亨
910861,神州-DR,2010/11/24,上市,,https://www.cnyes.com/twstock/910861,5.78,-0.03,-0.52%,鉅亨
9110,越南控-DR,2009/12/3,上市,,https://www.cnyes.com/twstock/9110,5.7,0,0.00%,鉅亨
911608,明輝-DR,2010/10/20,上市,,https://www.cnyes.com/twstock/911608,2.95,0,0.00%,鉅亨
911622,泰聚亨-DR,2011/9/29,上市,,https://www.cnyes.com/twstock/911622,4.07,0.07,1.75%,鉅亨
911868,同方友友-DR,2009/12/22,上市,,https://www.cnyes.com/twstock/911868,1.42,-0.01,-0.70%,鉅亨
912000,晨訊科-DR,2011/4/25,上市,,https://www.cnyes.com/twstock/912000,2.5,0,0.00%,鉅亨
9136,巨騰-DR,2009/5/25,上市,,https://www.cnyes.com/twstock/9136,6.14,0.06,0.99%,鉅亨
01001T,土銀富邦R1,2005/3/10,上市,,https://www.cnyes.com/twstock/01001T,12.55,0.01,0.08%,鉅亨
01002T,土銀國泰R1,2005/10/3,上市,,https://www.cnyes.com/twstock/01002T,14.95,-0.03,-0.20%,鉅亨
01004T,土銀富邦R2,2006/4/13,上市,,https://www.cnyes.com/twstock/01004T,11.55,-0.01,-0.09%,鉅亨
01007T,兆豐國泰R2,2006/10/13,上市,,https://www.cnyes.com/twstock/01007T,14.71,0,0.00%,鉅亨
01009T,王道圓滿R1,2018/6/21,上市,,https://www.cnyes.com/twstock/01009T,7.15,0,0.00%,鉅亨
01010T,京城樂富R1,2018/12/5,上市,,https://www.cnyes.com/twstock/01010T,10.05,0,0.00%,鉅亨
